True,False,False,False,False,False,False,False,False,False,False
Price min value,Price for each machine,Time
2.676,"[632.0, 252.0, 252.0, 0, 1288.0, 252.0]",102.2259783744812
2.676,"[632.0, 252.0, 252.0, 0, 1288.0, 252.0]",102.70803141593933
2.676,"[632.0, 252.0, 252.0, 0, 1288.0, 252.0]",100.57722473144531
