True,False,True,False,False,False,False,False,False,False,False
Price min value,Price for each machine,Time
54912/1000,"[9152, 9152, 9152, 9152, 9152, 9152, 0, 0, 0, 0, 0]",4.038596153259277
54912/1000,"[9152, 9152, 9152, 9152, 9152, 9152, 0, 0, 0, 0, 0]",3.409960985183716
54912/1000,"[9152, 9152, 9152, 9152, 9152, 9152, 0, 0, 0, 0, 0]",4.608375787734985
