True,False,True,False,False,False,False,False,False,False,False
Price min value,Price for each machine,Time
2548/1000,"[128, 128, 128, 128, 128, 128, 128, 128, 128, 128, 128, 128, 128, 128, 252, 252, 252]",14.362680196762085
2548/1000,"[128, 128, 128, 128, 128, 128, 128, 128, 128, 128, 128, 128, 128, 128, 252, 252, 252]",16.166912078857422
2548/1000,"[128, 128, 128, 128, 128, 128, 128, 128, 128, 128, 128, 128, 128, 128, 252, 252, 252]",12.939492225646973
