True,False,True,False,False,False,False,False,False,False,False
Price min value,Price for each machine,Time
2673/1000,"[128, 128, 128, 128, 128, 128, 128, 128, 128, 128, 128, 379, 379, 379, 128]",155.74332213401794
2673/1000,"[128, 379, 128, 128, 128, 379, 128, 128, 128, 128, 379, 128, 128, 128, 128]",81.58970522880554
2673/1000,"[128, 128, 128, 128, 128, 128, 128, 379, 379, 128, 128, 128, 128, 379, 128]",155.84032702445984
