True,False,True,False,False,False,False,False,False,False,False
Price min value,Price for each machine,Time
2929/1000,"[379, 128, 379, 128, 128, 128, 128, 128, 128, 128, 128, 128, 128, 379, 128, 128, 128]",825.5983121395111
2929/1000,"[128, 128, 128, 128, 379, 128, 379, 128, 379, 128, 128, 128, 128, 128, 128, 128, 128]",1263.4203870296478
2929/1000,"[128, 128, 379, 128, 128, 128, 128, 128, 379, 128, 128, 128, 128, 379, 128, 128, 128]",862.6990640163422
