True,True,False,True,False,False,False,False,False,False,False
Price min value,Price for each machine,Time
1674/1000,"[116, 116, 116, 116, 116, 210, 210, 210, 116, 116, 116, 116]",19.084369897842407
1674/1000,"[116, 116, 116, 116, 116, 210, 210, 210, 116, 116, 116, 116]",22.651756763458252
1674/1000,"[116, 116, 116, 116, 116, 210, 210, 210, 116, 116, 116, 116]",15.247802972793579
