True,True,False,True,False,False,False,False,False,False,False
Price min value,Price for each machine,Time
2254/1000,"[116, 116, 116, 116, 116, 116, 116, 116, 210, 210, 210, 116, 116, 116, 116, 116, 116]",106.25277996063232
2254/1000,"[116, 116, 116, 116, 116, 116, 116, 116, 210, 210, 210, 116, 116, 116, 116, 116, 116]",79.63752102851868
2254/1000,"[116, 116, 116, 116, 116, 116, 116, 116, 210, 210, 210, 116, 116, 116, 116, 116, 116]",123.71535968780518
