True,True,False,True,False,False,False,False,False,False,False
Price min value,Price for each machine,Time
1890/1000,"[126, 126, 126, 126, 126, 252, 252, 252, 126, 126, 126, 126]",22.463304042816162
1890/1000,"[126, 126, 126, 126, 126, 252, 252, 252, 126, 126, 126, 126]",22.501396417617798
1890/1000,"[126, 126, 126, 126, 126, 252, 252, 252, 126, 126, 126, 126]",21.57317566871643
