True,True,False,False,False,False,False,False,False,False,False
Price min value,Price for each machine,Time
1890/1000,"[210, 210, 210, 126, 126, 126, 126, 126, 126, 126, 126, 126, 126]",14.762811422348022
1890/1000,"[210, 210, 210, 126, 126, 126, 126, 126, 126, 126, 126, 126, 126]",11.671299934387207
1890/1000,"[210, 210, 210, 126, 126, 126, 126, 126, 126, 126, 126, 126, 126]",11.369475841522217
