True,True,False,False,False,False,False,False,False,False,False
Price min value,Price for each machine,Time
2036/1000,"[252, 252, 252, 128, 128, 128, 128, 128, 128, 128, 128, 128, 128]",2.720076084136963
2036/1000,"[252, 252, 252, 128, 128, 128, 128, 128, 128, 128, 128, 128, 128]",2.403015613555908
2036/1000,"[252, 252, 252, 128, 128, 128, 128, 128, 128, 128, 128, 128, 128]",2.825108528137207
