True,True,False,False,False,False,False,False,False,False,False
Price min value,Price for each machine,Time
1790/1000,"[210, 210, 210, 116, 116, 116, 116, 116, 116, 116, 116, 116, 116]",25.964120388031006
1790/1000,"[210, 210, 210, 116, 116, 116, 116, 116, 116, 116, 116, 116, 116]",37.82013273239136
1790/1000,"[210, 210, 210, 116, 116, 116, 116, 116, 116, 116, 116, 116, 116]",31.857800006866455
