True,True,False,False,False,False,False,False,False,False,False
Price min value,Price for each machine,Time
2268/1000,"[252, 252, 252, 126, 126, 126, 126, 126, 126, 126, 126, 126, 126, 126, 126]",43.857863664627075
2268/1000,"[252, 252, 252, 126, 126, 126, 126, 126, 126, 126, 126, 126, 126, 126, 126]",40.47867035865784
2268/1000,"[252, 252, 252, 126, 126, 126, 126, 126, 126, 126, 126, 126, 126, 126, 126]",42.48230862617493
