True,True,False,False,False,False,False,False,False,False,False
Price min value,Price for each machine,Time
2292/1000,"[252, 252, 252, 128, 128, 128, 128, 128, 128, 128, 128, 128, 128, 128, 128]",4.781457424163818
2292/1000,"[252, 252, 252, 128, 128, 128, 128, 128, 128, 128, 128, 128, 128, 128, 128]",5.230491399765015
2292/1000,"[252, 252, 252, 128, 128, 128, 128, 128, 128, 128, 128, 128, 128, 128, 128]",6.360260963439941
