True,True,False,False,False,False,False,False,False,False,False
Price min value,Price for each machine,Time
2520/1000,"[252, 252, 252, 126, 126, 126, 126, 126, 126, 126, 126, 126, 126, 126, 126, 126, 126]",79.4720687866211
2520/1000,"[252, 252, 252, 126, 126, 126, 126, 126, 126, 126, 126, 126, 126, 126, 126, 126, 126]",92.93250679969788
2520/1000,"[252, 252, 252, 126, 126, 126, 126, 126, 126, 126, 126, 126, 126, 126, 126, 126, 126]",82.18627524375916
