True,False,False,False,False,False,False,False,False,False,False,False,True,False
Price min value,Price for each machine,Time
1.442,"[0.21, 0.21, 0.21, 0.116, 0.116, 0.116, 0.116, 0.116, 0.116, 0.116]",67.15123200416565
1.442,"[0.21, 0.21, 0.21, 0.116, 0.116, 0.116, 0.116, 0.116, 0.116, 0.116]",76.48279285430908
1.442,"[0.21, 0.21, 0.21, 0.116, 0.116, 0.116, 0.116, 0.116, 0.116, 0.116]",96.00406098365784
