True,False,False,False,False,False,False,False,False,False,False,False,True,False
Price min value,Price for each machine,Time
2.036,"[0.252, 0.252, 0.252, 0.128, 0.128, 0.128, 0.128, 0.128, 0.128, 0.128, 0.128, 0.128, 0.128]",6.007991075515747
2.036,"[0.252, 0.252, 0.252, 0.128, 0.128, 0.128, 0.128, 0.128, 0.128, 0.128, 0.128, 0.128, 0.128]",6.848233938217163
2.036,"[0.252, 0.252, 0.252, 0.128, 0.128, 0.128, 0.128, 0.128, 0.128, 0.128, 0.128, 0.128, 0.128]",7.498377084732056
