True,False,False,False,False,False,False,False,False,False,False,False,True,False
Price min value,Price for each machine,Time
1.21,"[0.21, 0.21, 0.21, 0.116, 0.116, 0.116, 0.116, 0.116]",26.919288873672485
1.21,"[0.21, 0.21, 0.21, 0.116, 0.116, 0.116, 0.116, 0.116]",29.92952299118042
1.21,"[0.21, 0.21, 0.21, 0.116, 0.116, 0.116, 0.116, 0.116]",36.50615882873535
