True,False,False,False,False,False,False,False,False,False,False,False,True,False
Price min value,Price for each machine,Time
2.289,"[0.379, 0.379, 0.379, 0.128, 0.128, 0.128, 0.128, 0.128, 0.128, 0.128, 0.128, 0.128]",1.9841368198394775
2.289,"[0.379, 0.379, 0.379, 0.128, 0.128, 0.128, 0.128, 0.128, 0.128, 0.128, 0.128, 0.128]",1.953244924545288
2.289,"[0.379, 0.379, 0.379, 0.128, 0.128, 0.128, 0.128, 0.128, 0.128, 0.128, 0.128, 0.128]",2.2742462158203125
