True,False,False,True,False,False,False,False,False,False,False
Price min value,Price for each machine,Time
2929/1000,"[128, 128, 128, 128, 128, 128, 128, 128, 128, 128, 128, 379, 128, 128, 379, 379, 128]",17.842490196228027
2929/1000,"[128, 128, 128, 128, 128, 128, 128, 128, 379, 128, 379, 128, 128, 379, 128, 128, 128]",17.89567255973816
2929/1000,"[128, 128, 128, 128, 128, 128, 128, 128, 379, 128, 379, 128, 128, 128, 128, 379, 128]",15.249731063842773
