True,True,False,False,False,False,False,False,False,False,False
Price min value,Price for each machine,Time
54912/1000,"[9152, 9152, 9152, 9152, 9152, 9152, 0, 0, 0, 0, 0]",0.4357872009277344
54912/1000,"[9152, 9152, 9152, 9152, 9152, 9152, 0, 0, 0, 0, 0]",0.4516332149505615
54912/1000,"[9152, 9152, 9152, 9152, 9152, 9152, 0, 0, 0, 0, 0]",0.4537374973297119
