True,True,False,False,False,False,False,False,False,False,False
Price min value,Price for each machine,Time
54912/1000,"[9152, 9152, 9152, 9152, 9152, 9152, 0, 0, 0, 0, 0]",1.2133986949920654
54912/1000,"[9152, 9152, 9152, 9152, 9152, 9152, 0, 0, 0, 0, 0]",1.3854453563690186
54912/1000,"[9152, 9152, 9152, 9152, 9152, 9152, 0, 0, 0, 0, 0]",1.4854800701141357
