True,True,False,False,False,False,False,False,False,False,False
Price min value,Price for each machine,Time
2016/1000,"[252, 252, 252, 126, 126, 126, 126, 126, 126, 126, 126, 126, 126]",30.809910774230957
2016/1000,"[252, 252, 252, 126, 126, 126, 126, 126, 126, 126, 126, 126, 126]",29.534947156906128
2016/1000,"[252, 252, 252, 126, 126, 126, 126, 126, 126, 126, 126, 126, 126]",28.494147539138794
