True,True,False,False,False,False,False,False,False,False,False
Price min value,Price for each machine,Time
2417/1000,"[379, 379, 379, 128, 128, 128, 128, 128, 128, 128, 128, 128, 128]",0.8363924026489258
2417/1000,"[379, 379, 379, 128, 128, 128, 128, 128, 128, 128, 128, 128, 128]",0.8220510482788086
2417/1000,"[379, 379, 379, 128, 128, 128, 128, 128, 128, 128, 128, 128, 128]",0.8989667892456055
