True,True,False,False,False,False,False,False,False,False,False
Price min value,Price for each machine,Time
2022/1000,"[210, 210, 210, 116, 116, 116, 116, 116, 116, 116, 116, 116, 116, 116, 116]",46.051082372665405
2022/1000,"[210, 210, 210, 116, 116, 116, 116, 116, 116, 116, 116, 116, 116, 116, 116]",78.21679258346558
2022/1000,"[210, 210, 210, 116, 116, 116, 116, 116, 116, 116, 116, 116, 116, 116, 116]",74.04398775100708
