True,True,False,False,False,False,False,False,False,False,False
Price min value,Price for each machine,Time
1890/1000,"[252, 252, 252, 126, 126, 126, 126, 126, 126, 126, 126, 126]",23.16440439224243
1890/1000,"[252, 252, 252, 126, 126, 126, 126, 126, 126, 126, 126, 126]",23.668874263763428
1890/1000,"[252, 252, 252, 126, 126, 126, 126, 126, 126, 126, 126, 126]",22.866681575775146
