True,False,False,False,False,False,False,False,False,False,False
Price min value,Price for each machine,Time
2289/1000,"[128, 128, 128, 128, 128, 128, 128, 128, 128, 379, 379, 379]",1.091026782989502
2289/1000,"[128, 128, 128, 128, 128, 128, 128, 128, 128, 379, 379, 379]",0.8759422302246094
2289/1000,"[128, 128, 128, 128, 128, 128, 128, 128, 128, 379, 379, 379]",0.9183659553527832
