Symmetry Breaking option,sb_fix_var_vm_load
Price min value,Price for each machine,Time
26.4,"[4.4, 4.4, 4.4, 4.4, 4.4, 4.4, 0.0, 0.0, 0.0, 0.0, 0.0]",9.569908142089844
26.4,"[4.4, 4.4, 4.4, 4.4, 4.4, 4.4, 0.0, 0.0, 0.0, 0.0, 0.0]",6.936731815338135
26.4,"[4.4, 4.4, 4.4, 4.4, 4.4, 4.4, 0.0, 0.0, 0.0, 0.0, 0.0]",7.399807929992676
