True,True,False,False,True,True,True,True,False,False,False
Price min value,Price for each machine,Time
54.912,"[9152.0, 9152.0, 9152.0, 9152.0, 9152.0, 9152.0, 0, 0, 0, 0, 0]",0.10949945449829102
54.912,"[9152.0, 9152.0, 9152.0, 9152.0, 9152.0, 9152.0, 0, 0, 0, 0, 0]",0.061182260513305664
54.912,"[9152.0, 9152.0, 9152.0, 9152.0, 9152.0, 9152.0, 0, 0, 0, 0, 0]",0.07251477241516113
