True,True,False,False,True,True,True,True,False,False,False
Price min value,Price for each machine,Time
26.4,"[4400.0, 4400.0, 4400.0, 4400.0, 4400.0, 4400.0, 0, 0, 0, 0, 0]",10.430495977401733
26.4,"[4400.0, 4400.0, 4400.0, 4400.0, 4400.0, 4400.0, 0, 0, 0, 0, 0]",10.454310894012451
26.4,"[4400.0, 4400.0, 4400.0, 4400.0, 4400.0, 4400.0, 0, 0, 0, 0, 0]",10.383174419403076
