True,True,False,False,True,True,True,True,False,False,False
Price min value,Price for each machine,Time
54.912,"[9152.0, 9152.0, 9152.0, 9152.0, 9152, 9152, 0, 0, 0, 0, 0]",0.12094497680664062
54.912,"[9152.0, 9152.0, 9152.0, 9152.0, 9152, 9152, 0, 0, 0, 0, 0]",0.11967730522155762
54.912,"[9152.0, 9152.0, 9152.0, 9152.0, 9152, 9152, 0, 0, 0, 0, 0]",0.1171116828918457
