True,True,False,False,True,True,True,True,False,False,False
Price min value,Price for each machine,Time
1.908,"[252.0, 252.0, 252.0, 128.0, 128.0, 128.0, 128.0, 128.0, 128.0, 128.0, 128.0, 128.0]",18.521739721298218
1.908,"[252.0, 252.0, 252.0, 128.0, 128.0, 128.0, 128.0, 128.0, 128.0, 128.0, 128.0, 128.0]",18.47428035736084
1.908,"[252.0, 252.0, 252.0, 128.0, 128.0, 128.0, 128.0, 128.0, 128.0, 128.0, 128.0, 128.0]",18.693294048309326
