True,True,False,False,True,True,True,True,False,False,False
Price min value,Price for each machine,Time
2.033,"[379.0, 379.0, 379.0, 128.0, 128.0, 128.0, 128.0, 128.0, 128.0, 128.0]",0.4610257148742676
2.033,"[379.0, 379.0, 379.0, 128.0, 128.0, 128.0, 128.0, 128.0, 128.0, 128.0]",0.4551858901977539
2.033,"[379.0, 379.0, 379.0, 128.0, 128.0, 128.0, 128.0, 128.0, 128.0, 128.0]",0.45545482635498047
