True,True,False,False,True,True,True,True,False,False,False
Price min value,Price for each machine,Time
1.512,"[210.0, 210.0, 210.0, 126.0, 126.0, 126.0, 126.0, 126.0, 126.0, 126.0]",680.8774306774139
1.512,"[210.0, 210.0, 210.0, 126.0, 126.0, 126.0, 126.0, 126.0, 126.0, 126.0]",676.6499125957489
1.512,"[210.0, 210.0, 210.0, 126.0, 126.0, 126.0, 126.0, 126.0, 126.0, 126.0]",681.020599603653
