True,True,False,False,True,True,True,True,False,False,False
Price min value,Price for each machine,Time
2.289,"[379.0, 379.0, 379.0, 128.0, 128.0, 128.0, 128.0, 128.0, 128.0, 128.0, 128.0, 128.0]",1.0114476680755615
2.289,"[379.0, 379.0, 379.0, 128.0, 128.0, 128.0, 128.0, 128.0, 128.0, 128.0, 128.0, 128.0]",1.005636215209961
2.289,"[379.0, 379.0, 379.0, 128.0, 128.0, 128.0, 128.0, 128.0, 128.0, 128.0, 128.0, 128.0]",1.0053977966308594
