True,True,False,True,False,False,False,False,False,False,False
Price min value,Price for each machine,Time
26.4,"[4400.0, 4400.0, 4400.0, 4400.0, 4400.0, 4400.0, 0, 0, 0, 0, 0]",27.299821138381958
26.4,"[4400.0, 4400.0, 4400.0, 4400.0, 4400.0, 4400.0, 0, 0, 0, 0, 0]",27.478866815567017
26.4,"[4400.0, 4400.0, 4400.0, 4400.0, 4400.0, 4400.0, 0, 0, 0, 0, 0]",27.680219173431396
