True,True,False,True,False,False,False,False,False,False,False
Price min value,Price for each machine,Time
54.912,"[9152.0, 9152.0, 9152.0, 9152.0, 9152.0, 9152.0, 0, 0, 0, 0, 0]",0.06110835075378418
54.912,"[9152.0, 9152.0, 9152.0, 9152.0, 9152.0, 9152.0, 0, 0, 0, 0, 0]",0.05991077423095703
54.912,"[9152.0, 9152.0, 9152.0, 9152.0, 9152.0, 9152.0, 0, 0, 0, 0, 0]",0.06704878807067871
