True,True,False,True,False,False,False,False,False,False,False
Price min value,Price for each machine,Time
1.386,"[126.0, 126.0, 126.0, 252.0, 252.0, 252.0, 126.0, 126.0]",42.10023760795593
1.386,"[126.0, 126.0, 126.0, 252.0, 252.0, 252.0, 126.0, 126.0]",42.051762342453
1.386,"[126.0, 126.0, 126.0, 252.0, 252.0, 252.0, 126.0, 126.0]",42.1323983669281
