True,True,False,True,False,False,False,False,False,False,False
Price min value,Price for each machine,Time
2.417,"[128.0, 128.0, 128.0, 128.0, 128.0, 128.0, 379.0, 379.0, 379.0, 128.0, 128.0, 128.0, 128.0]",0.6891558170318604
2.417,"[128.0, 128.0, 128.0, 128.0, 128.0, 128.0, 379.0, 379.0, 379.0, 128.0, 128.0, 128.0, 128.0]",0.6668763160705566
2.417,"[128.0, 128.0, 128.0, 128.0, 128.0, 128.0, 379.0, 379.0, 379.0, 128.0, 128.0, 128.0, 128.0]",0.6835150718688965
