True,True,False,True,False,False,False,False,False,False,False
Price min value,Price for each machine,Time
2.036,"[128.0, 128.0, 128.0, 128.0, 128.0, 128.0, 252.0, 252.0, 252.0, 128.0, 128.0, 128.0, 128.0]",8.774861812591553
2.036,"[128.0, 128.0, 128.0, 128.0, 128.0, 128.0, 252.0, 252.0, 252.0, 128.0, 128.0, 128.0, 128.0]",8.689818143844604
2.036,"[128.0, 128.0, 128.0, 128.0, 128.0, 128.0, 252.0, 252.0, 252.0, 128.0, 128.0, 128.0, 128.0]",8.750617027282715
