True,True,False,True,False,False,False,False,False,False,False
Price min value,Price for each machine,Time
1.652,"[128.0, 128.0, 128.0, 128.0, 252.0, 252.0, 252.0, 128.0, 128.0, 128.0]",3.4032890796661377
1.652,"[128.0, 128.0, 128.0, 128.0, 252.0, 252.0, 252.0, 128.0, 128.0, 128.0]",3.424138069152832
1.652,"[128.0, 128.0, 128.0, 128.0, 252.0, 252.0, 252.0, 128.0, 128.0, 128.0]",3.4801807403564453
