True,True,False,True,False,False,False,False,False,False,False
Price min value,Price for each machine,Time
1.89,"[126.0, 126.0, 126.0, 126.0, 126.0, 252.0, 252.0, 252.0, 126.0, 126.0, 126.0, 126.0]",474.65687799453735
1.89,"[126.0, 126.0, 126.0, 126.0, 126.0, 252.0, 252.0, 252.0, 126.0, 126.0, 126.0, 126.0]",473.96648263931274
1.89,"[126.0, 126.0, 126.0, 126.0, 126.0, 252.0, 252.0, 252.0, 126.0, 126.0, 126.0, 126.0]",466.26392006874084
