True,True,False,True,False,False,False,False,False,False,False
Price min value,Price for each machine,Time
1.396,"[128.0, 128.0, 128.0, 252.0, 252.0, 252.0, 128.0, 128.0]",1.988020896911621
1.396,"[128.0, 128.0, 128.0, 252.0, 252.0, 252.0, 128.0, 128.0]",2.026132345199585
1.396,"[128.0, 128.0, 128.0, 252.0, 252.0, 252.0, 128.0, 128.0]",1.9728834629058838
