True,True,False,True,False,False,False,False,False,False,False
Price min value,Price for each machine,Time
2.016,"[126.0, 126.0, 126.0, 126.0, 126.0, 126.0, 252.0, 252.0, 252.0, 126.0, 126.0, 126.0, 126.0]",225.58081698417664
2.016,"[126.0, 126.0, 126.0, 126.0, 126.0, 126.0, 252.0, 252.0, 252.0, 126.0, 126.0, 126.0, 126.0]",223.96183943748474
2.016,"[126.0, 126.0, 126.0, 126.0, 126.0, 126.0, 252.0, 252.0, 252.0, 126.0, 126.0, 126.0, 126.0]",228.49859261512756
