True,False,False,True,False,False,False,False,False,False,False
Price min value,Price for each machine,Time
26400/1000,"[4400, 4400, 4400, 0, 0, 4400, 0, 0, 0, 4400, 4400]",11.70191240310669
26400/1000,"[4400, 4400, 4400, 0, 0, 0, 4400, 4400, 0, 0, 4400]",14.832860708236694
26400/1000,"[4400, 4400, 4400, 0, 0, 0, 4400, 0, 0, 4400, 4400]",17.195303916931152
