True,False,False,True,False,False,False,False,False,False,False
Price min value,Price for each machine,Time
54912/1000,"[9152, 9152, 9152, 0, 0, 9152, 9152, 0, 9152, 0, 0]",0.46352553367614746
54912/1000,"[9152, 9152, 9152, 0, 0, 9152, 0, 0, 9152, 9152, 0]",0.3934457302093506
54912/1000,"[9152, 9152, 9152, 0, 0, 0, 0, 9152, 9152, 9152, 0]",0.5425000190734863
