True,False,False,True,False,False,False,False,False,False,False
Price min value,Price for each machine,Time
882/1000,"[210, 210, 210, 126, 126]",1.0883655548095703
882/1000,"[210, 210, 210, 126, 126]",0.9803962707519531
882/1000,"[210, 210, 210, 126, 126]",1.0972821712493896
