True,False,False,True,False,False,False,False,False,False,False
Price min value,Price for each machine,Time
1008/1000,"[252, 252, 252, 126, 126]",2.8976237773895264
1008/1000,"[252, 252, 252, 126, 126]",3.1908795833587646
1008/1000,"[252, 252, 252, 126, 126]",3.056812047958374
