True,False,False,True,False,False,False,False,False,False,False
Price min value,Price for each machine,Time
1416/1000,"[402, 379, 379, 128, 128]",0.10750222206115723
1416/1000,"[402, 379, 379, 128, 128]",0.0822286605834961
1416/1000,"[402, 379, 379, 128, 128]",0.0959770679473877
