True,False,False,True,False,False,False,False,False,False,False
Price min value,Price for each machine,Time
1012/1000,"[252, 252, 252, 128, 128]",0.30277204513549805
1012/1000,"[252, 252, 252, 128, 128]",0.31867170333862305
1012/1000,"[252, 252, 252, 128, 128]",0.26694250106811523
