True,False,False,True,False,False,False,False,False,False,False
Price min value,Price for each machine,Time
2033/1000,"[252, 695, 252, 582, 252, 0]",4.768052577972412
2033/1000,"[252, 695, 252, 582, 252, 0]",4.878332853317261
2033/1000,"[252, 695, 252, 582, 252, 0]",4.853738307952881
