True,False,False,True,False,False,False,False,False,False,False
Price min value,Price for each machine,Time
3759/1000,"[379, 1288, 402, 1288, 402, 0]",0.1326918601989746
3759/1000,"[379, 1288, 402, 1288, 0, 402]",0.14041996002197266
3759/1000,"[379, 1288, 402, 1288, 402, 0]",0.11891531944274902
