True,False,False,True,False,False,False,False,False,False,False
Price min value,Price for each machine,Time
1622/1000,"[210, 532, 210, 460, 0, 210]",1.5635626316070557
1622/1000,"[210, 532, 210, 460, 0, 210]",2.0121257305145264
1622/1000,"[210, 532, 210, 460, 210, 0]",1.8471531867980957
