True,False,False,True,False,False,False,False,False,False,False
Price min value,Price for each machine,Time
1582/1000,"[210, 532, 210, 420, 210, 0]",3.1932008266448975
1582/1000,"[210, 532, 210, 420, 210, 0]",3.257956027984619
1582/1000,"[210, 532, 210, 420, 0, 210]",4.019786357879639
