True,False,False,True,False,False,False,False,False,False,False
Price min value,Price for each machine,Time
1652/1000,"[128, 128, 128, 128, 252, 128, 252, 128, 128, 252]",2.973701238632202
1652/1000,"[128, 128, 128, 128, 128, 252, 252, 252, 128, 128]",2.812723398208618
1652/1000,"[128, 128, 128, 128, 128, 128, 128, 252, 252, 252]",2.7357797622680664
