True,False,False,True,False,False,False,False,False,False,False
Price min value,Price for each machine,Time
1908/1000,"[128, 128, 128, 128, 128, 252, 128, 252, 128, 128, 252, 128]",5.177420377731323
1908/1000,"[128, 128, 128, 128, 128, 252, 252, 128, 252, 128, 128, 128]",5.238159418106079
1908/1000,"[128, 128, 128, 128, 128, 128, 128, 128, 252, 128, 252, 252]",5.704021215438843
