True,False,False,True,False,False,False,False,False,False,False
Price min value,Price for each machine,Time
1396/1000,"[128, 128, 128, 128, 128, 252, 252, 252]",1.1719179153442383
1396/1000,"[128, 128, 128, 128, 128, 252, 252, 252]",1.283738374710083
1396/1000,"[128, 128, 128, 252, 252, 128, 128, 252]",1.3491263389587402
