True,False,False,True,False,False,False,False,False,False,False
Price min value,Price for each machine,Time
2417/1000,"[128, 128, 128, 128, 128, 128, 379, 128, 128, 128, 128, 379, 379]",1.3138246536254883
2417/1000,"[128, 128, 128, 128, 128, 128, 128, 128, 379, 379, 379, 128, 128]",1.336545705795288
2417/1000,"[128, 128, 128, 128, 128, 128, 379, 379, 128, 128, 128, 128, 379]",1.9372305870056152
