True,False,False,True,False,False,False,False,False,False,False
Price min value,Price for each machine,Time
1442/1000,"[116, 116, 116, 116, 210, 116, 116, 210, 210, 116]",135.49812364578247
1442/1000,"[116, 116, 116, 116, 116, 116, 210, 116, 210, 210]",200.9062569141388
1442/1000,"[116, 116, 116, 116, 210, 210, 116, 116, 210, 116]",130.89482831954956
