True,False,False,True,False,False,False,False,False,False,False
Price min value,Price for each machine,Time
2289/1000,"[128, 128, 128, 128, 128, 128, 379, 128, 379, 128, 379, 128]",1.2111101150512695
2289/1000,"[128, 128, 128, 128, 128, 128, 379, 128, 379, 128, 379, 128]",1.1602559089660645
2289/1000,"[128, 128, 128, 128, 128, 379, 128, 379, 379, 128, 128, 128]",1.4429652690887451
