True,False,False,True,False,False,False,False,False,False,False
Price min value,Price for each machine,Time
1777/1000,"[128, 128, 128, 379, 128, 128, 379, 379]",0.34879446029663086
1777/1000,"[128, 128, 128, 379, 379, 128, 128, 379]",0.3500235080718994
1777/1000,"[128, 128, 128, 379, 379, 379, 128, 128]",0.3760030269622803
