True,False,False,True,False,False,False,False,False,False,False
Price min value,Price for each machine,Time
2036/1000,"[128, 128, 128, 128, 128, 128, 128, 252, 128, 128, 252, 252, 128]",4.627084970474243
2036/1000,"[128, 128, 128, 128, 128, 128, 252, 128, 128, 128, 128, 252, 252]",11.380695343017578
2036/1000,"[128, 128, 128, 128, 128, 128, 128, 128, 252, 128, 128, 252, 252]",6.657816648483276
