True,False,False,True,False,False,False,False,False,False,False
Price min value,Price for each machine,Time
1890/1000,"[126, 126, 126, 126, 126, 126, 126, 252, 126, 252, 252, 126]",195.33251428604126
1890/1000,"[126, 126, 126, 126, 126, 252, 126, 126, 126, 252, 126, 252]",227.78195977210999
1890/1000,"[126, 126, 126, 126, 126, 252, 126, 252, 126, 126, 252, 126]",131.0576376914978
