True,False,False,False,False,False,False,False,True,True,False
Price min value,Price for each machine,Time
26400/1000,"[0, 0, 4400, 4400, 0, 4400, 0, 4400, 4400, 4400, 0]",91.91608166694641
26400/1000,"[0, 4400, 4400, 4400, 0, 0, 4400, 4400, 0, 4400, 0]",97.0411639213562
26400/1000,"[0, 4400, 4400, 4400, 0, 4400, 0, 0, 4400, 0, 4400]",139.65982103347778
