True,False,False,False,False,False,False,False,True,True,False
Price min value,Price for each machine,Time
54912/1000,"[9152, 9152, 0, 9152, 9152, 0, 9152, 0, 0, 0, 9152]",19.711231231689453
54912/1000,"[9152, 9152, 0, 9152, 9152, 0, 0, 9152, 0, 0, 9152]",14.565103530883789
54912/1000,"[9152, 9152, 0, 9152, 0, 0, 9152, 0, 9152, 0, 9152]",23.849228382110596
