True,False,False,False,False,False,False,False,True,True,False
Price min value,Price for each machine,Time
1416/1000,"[402, 379, 128, 379, 128]",0.22835969924926758
1416/1000,"[128, 379, 402, 379, 128]",0.19538116455078125
1416/1000,"[402, 128, 379, 128, 379]",0.1976325511932373
