True,False,False,False,False,False,False,False,True,True,False
Price min value,Price for each machine,Time
1777/1000,"[128, 379, 128, 379, 128, 128, 379, 128]",2.0698182582855225
1777/1000,"[379, 379, 379, 128, 128, 128, 128, 128]",2.1018598079681396
1777/1000,"[128, 379, 379, 128, 128, 379, 128, 128]",1.5124411582946777
