True,False,False,False,False,False,False,False,True,True,False
Price min value,Price for each machine,Time
1210/1000,"[210, 116, 116, 116, 210, 116, 116, 210]",410.13502383232117
1210/1000,"[116, 116, 210, 116, 116, 210, 116, 210]",445.7558927536011
1210/1000,"[210, 116, 116, 116, 210, 210, 116, 116]",654.4346988201141
