True,False,False,False,False,False,False,False,True,True,False
Price min value,Price for each machine,Time
2289/1000,"[128, 128, 128, 128, 128, 379, 128, 128, 128, 128, 379, 379]",3961.8469681739807
2289/1000,"[128, 379, 128, 379, 128, 128, 128, 128, 128, 128, 379, 128]",3233.994271993637
2289/1000,"[128, 128, 128, 128, 128, 379, 128, 128, 379, 379, 128, 128]",3614.4027259349823
