True,False,False,False,False,False,False,False,True,True,False
Price min value,Price for each machine,Time
1386/1000,"[252, 126, 252, 126, 126, 252, 126, 126]",68.47590374946594
1386/1000,"[252, 126, 252, 126, 126, 126, 252, 126]",87.97657871246338
1386/1000,"[252, 126, 252, 126, 126, 126, 252, 126]",100.6123321056366
