True,False,False,False,False,False,False,False,True,True,False
Price min value,Price for each machine,Time
1260/1000,"[210, 126, 210, 126, 210, 126, 126, 126]",169.2632360458374
1260/1000,"[126, 126, 126, 210, 126, 126, 210, 210]",189.6079728603363
1260/1000,"[210, 126, 126, 210, 210, 126, 126, 126]",63.18652963638306
