True,False,False,False,False,False,False,False,True,True,False
Price min value,Price for each machine,Time
2033/1000,"[128, 128, 379, 128, 128, 379, 128, 379, 128, 128]",61.47074627876282
2033/1000,"[128, 128, 128, 128, 379, 128, 379, 128, 128, 379]",46.70642137527466
2033/1000,"[128, 379, 128, 379, 128, 379, 128, 128, 128, 128]",53.43785500526428
