True,False,False,False,False,False,False,False,True,False,False,False,False,False
Price min value,Price for each machine,Time
1.777,"[0.128, 0.128, 0.128, 0.128, 0.379, 0.379, 0.379, 0.128]",0.4184730052947998
1.777,"[0.128, 0.128, 0.128, 0.379, 0.128, 0.128, 0.379, 0.379]",0.46657705307006836
1.777,"[0.128, 0.128, 0.128, 0.128, 0.379, 0.379, 0.128, 0.379]",0.41908907890319824
