True,False,False,False,False,False,False,False,True,False,False,False,False,False
Price min value,Price for each machine,Time
1.674,"[0.116, 0.116, 0.116, 0.116, 0.116, 0.116, 0.116, 0.116, 0.116, 0.21, 0.21, 0.21]",77.93777394294739
1.674,"[0.116, 0.116, 0.116, 0.116, 0.116, 0.116, 0.116, 0.116, 0.116, 0.21, 0.21, 0.21]",84.65288710594177
1.674,"[0.116, 0.116, 0.116, 0.116, 0.116, 0.116, 0.116, 0.116, 0.116, 0.21, 0.21, 0.21]",51.09716200828552
