True,False,False,True,False,False,False,False,False,False,False
Price min value,Price for each machine,Time
2.676,"[252.0, 1288.0, 252.0, 632.0, 0, 252.0]",0.36838817596435547
2.676,"[252.0, 1288.0, 252.0, 632.0, 0, 252.0]",0.3338150978088379
2.676,"[252.0, 1288.0, 252.0, 632.0, 0, 252.0]",0.34789133071899414
