True,False,False,True,False,False,False,False,False,False,False
Price min value,Price for each machine,Time
0.882,"[210.0, 210.0, 210.0, 126.0, 126.0]",29.223923683166504
0.882,"[210.0, 210.0, 210.0, 126.0, 126.0]",29.351151943206787
0.882,"[210.0, 210.0, 210.0, 126.0, 126.0]",29.48252558708191
