True,True,False,False,False,False,False,False,False,False,False
Price min value,Price for each machine,Time
2.417,"[379.0, 379.0, 379.0, 128.0, 128.0, 128.0, 128.0, 128.0, 128.0, 128.0, 128.0, 128.0, 128.0]",0.9548306465148926
2.417,"[379.0, 379.0, 379.0, 128.0, 128.0, 128.0, 128.0, 128.0, 128.0, 128.0, 128.0, 128.0, 128.0]",0.6654691696166992
2.417,"[379.0, 379.0, 379.0, 128.0, 128.0, 128.0, 128.0, 128.0, 128.0, 128.0, 128.0, 128.0, 128.0]",0.7842917442321777
