True,False,False,False,False,False,False,False,True,False,False,False,False,False
Price min value,Price for each machine,Time
2.033,"[0.128, 0.128, 0.128, 0.128, 0.379, 0.128, 0.379, 0.128, 0.379, 0.128]",0.7728719711303711
2.033,"[0.128, 0.128, 0.128, 0.128, 0.379, 0.128, 0.128, 0.379, 0.379, 0.128]",0.7135891914367676
2.033,"[0.128, 0.128, 0.128, 0.128, 0.379, 0.128, 0.379, 0.379, 0.128, 0.128]",0.6952848434448242
