Symmetry Breaking option,sb_vm_load
Price min value,Price for each machine,Time
1.652,"[0.128, 0.128, 0.128, 0.128, 0.128, 0.128, 0.252, 0.252, 0.128, 0.252]",3.0555131435394287
1.652,"[0.128, 0.128, 0.128, 0.252, 0.252, 0.128, 0.128, 0.128, 0.252, 0.128]",2.349763870239258
1.652,"[0.128, 0.252, 0.128, 0.252, 0.128, 0.128, 0.128, 0.252, 0.128, 0.128]",2.253139019012451
Symmetry Breaking option,sb_vm_load
Price min value,Price for each machine,Time
1.652,"[0.128, 0.128, 0.252, 0.128, 0.128, 0.128, 0.252, 0.128, 0.252, 0.128]",3.557849884033203
1.652,"[0.128, 0.128, 0.252, 0.128, 0.128, 0.252, 0.128, 0.252, 0.128, 0.128]",1.76823091506958
1.652,"[0.128, 0.128, 0.128, 0.252, 0.252, 0.128, 0.128, 0.252, 0.128, 0.128]",2.647325038909912
