Symmetry Breaking option,sb_vm_load
Price min value,Price for each machine,Time
2.289,"[0.128, 0.128, 0.128, 0.128, 0.128, 0.128, 0.128, 0.379, 0.128, 0.128, 0.379, 0.379]",5.262181282043457
2.289,"[0.128, 0.128, 0.128, 0.128, 0.128, 0.128, 0.128, 0.128, 0.379, 0.379, 0.379, 0.128]",4.420068740844727
2.289,"[0.128, 0.128, 0.128, 0.128, 0.128, 0.128, 0.128, 0.379, 0.128, 0.379, 0.379, 0.128]",6.14382004737854