False,True,False,False,False,False,False,False,False,False,False,False,False,False
Price min value,Price for each machine,Time
1.908,"[0.252, 0.252, 0.252, 0.128, 0.128, 0.128, 0.128, 0.128, 0.128, 0.128, 0.128, 0.128]",0.8648271560668945
1.908,"[0.252, 0.252, 0.252, 0.128, 0.128, 0.128, 0.128, 0.128, 0.128, 0.128, 0.128, 0.128]",0.609515905380249
1.908,"[0.252, 0.252, 0.252, 0.128, 0.128, 0.128, 0.128, 0.128, 0.128, 0.128, 0.128, 0.128]",0.7386529445648193
