False,True,False,False,False,False,False,False,False,False,False,False,False,False
Price min value,Price for each machine,Time
1.764,"[0.21, 0.21, 0.21, 0.126, 0.126, 0.126, 0.126, 0.126, 0.126, 0.126, 0.126, 0.126]",3.8792922496795654
1.764,"[0.21, 0.21, 0.21, 0.126, 0.126, 0.126, 0.126, 0.126, 0.126, 0.126, 0.126, 0.126]",7.886883020401001
1.764,"[0.21, 0.21, 0.21, 0.126, 0.126, 0.126, 0.126, 0.126, 0.126, 0.126, 0.126, 0.126]",5.590033769607544
