False,True,False,False,False,False,False,False,False,False,False,False,False,False
Price min value,Price for each machine,Time
1.674,"[0.21, 0.21, 0.21, 0.116, 0.116, 0.116, 0.116, 0.116, 0.116, 0.116, 0.116, 0.116]",13.279968023300171
1.674,"[0.21, 0.21, 0.21, 0.116, 0.116, 0.116, 0.116, 0.116, 0.116, 0.116, 0.116, 0.116]",10.364068031311035
1.674,"[0.21, 0.21, 0.21, 0.116, 0.116, 0.116, 0.116, 0.116, 0.116, 0.116, 0.116, 0.116]",16.825676918029785
