False,True,False,False,False,False,False,False,False,False,False,False,False,False
Price min value,Price for each machine,Time
2.289,"[0.379, 0.379, 0.379, 0.128, 0.128, 0.128, 0.128, 0.128, 0.128, 0.128, 0.128, 0.128]",0.3371450901031494
2.289,"[0.379, 0.379, 0.379, 0.128, 0.128, 0.128, 0.128, 0.128, 0.128, 0.128, 0.128, 0.128]",0.28509998321533203
2.289,"[0.379, 0.379, 0.379, 0.128, 0.128, 0.128, 0.128, 0.128, 0.128, 0.128, 0.128, 0.128]",0.23952889442443848
