False,True,False,False,False,False,False,False,False,False,False,False,False,False
Price min value,Price for each machine,Time
2.033,"[0.379, 0.379, 0.379, 0.128, 0.128, 0.128, 0.128, 0.128, 0.128, 0.128]",0.14602994918823242
2.033,"[0.379, 0.379, 0.379, 0.128, 0.128, 0.128, 0.128, 0.128, 0.128, 0.128]",0.18219685554504395
2.033,"[0.379, 0.379, 0.379, 0.128, 0.128, 0.128, 0.128, 0.128, 0.128, 0.128]",0.2138826847076416
