False,True,False,False,False,False,False,False,False,False,False,False,False,False
Price min value,Price for each machine,Time
1.512,"[0.21, 0.21, 0.21, 0.126, 0.126, 0.126, 0.126, 0.126, 0.126, 0.126]",3.956421136856079
1.512,"[0.21, 0.21, 0.21, 0.126, 0.126, 0.126, 0.126, 0.126, 0.126, 0.126]",3.52908992767334
1.512,"[0.21, 0.21, 0.21, 0.126, 0.126, 0.126, 0.126, 0.126, 0.126, 0.126]",3.9466638565063477
