Symmetry Breaking option,sb_fix_var
Price min value,Price for each machine,Time
3.759,"[0.379, 1.288, 0.402, 1.288, 0.402, 0.0]",0.051805973052978516
3.759,"[0.379, 1.288, 0.402, 1.288, 0.0, 0.402]",0.04736018180847168
3.759,"[0.379, 1.288, 0.402, 1.288, 0.0, 0.402]",0.04878997802734375
