True,True,False,False,False,False,False,False,False,False,False
Price min value,Price for each machine,Time
26.4,"[4400.0, 4400.0, 4400.0, 4400.0, 4400.0, 4400.0, 0, 0, 0, 0, 0]",1.269892692565918
26.4,"[4400.0, 4400.0, 4400.0, 4400.0, 4400.0, 4400.0, 0, 0, 0, 0, 0]",1.2982103824615479
26.4,"[4400.0, 4400.0, 4400.0, 4400.0, 4400.0, 4400.0, 0, 0, 0, 0, 0]",1.3000085353851318
