True,True,False,False,False,False,False,False,False,False,False
Price min value,Price for each machine,Time
54.912,"[9152.0, 9152.0, 9152.0, 9152.0, 9152.0, 9152.0, 0, 0, 0, 0, 0]",0.1375119686126709
54.912,"[9152.0, 9152.0, 9152.0, 9152.0, 9152.0, 9152.0, 0, 0, 0, 0, 0]",0.14526081085205078
54.912,"[9152.0, 9152.0, 9152.0, 9152.0, 9152.0, 9152.0, 0, 0, 0, 0, 0]",0.1547107696533203
