True,True,False,False,False,False,False,False,False,False,False
Price min value,Price for each machine,Time
2.289,"[379.0, 379.0, 379.0, 128.0, 128.0, 128.0, 128.0, 128.0, 128.0, 128.0, 128.0, 128.0]",0.5041775703430176
2.289,"[379.0, 379.0, 379.0, 128.0, 128.0, 128.0, 128.0, 128.0, 128.0, 128.0, 128.0, 128.0]",0.5497574806213379
2.289,"[379.0, 379.0, 379.0, 128.0, 128.0, 128.0, 128.0, 128.0, 128.0, 128.0, 128.0, 128.0]",0.5052623748779297
