True,True,False,False,False,False,False,False,False,False,False
Price min value,Price for each machine,Time
1.386,"[252.0, 252.0, 252.0, 126.0, 126.0, 126.0, 126.0, 126.0]",22.097272157669067
1.386,"[252.0, 252.0, 252.0, 126.0, 126.0, 126.0, 126.0, 126.0]",22.340315580368042
1.386,"[252.0, 252.0, 252.0, 126.0, 126.0, 126.0, 126.0, 126.0]",22.921050786972046
