True,True,False,False,False,False,False,False,False,False,False
Price min value,Price for each machine,Time
2.036,"[252.0, 252.0, 252.0, 128.0, 128.0, 128.0, 128.0, 128.0, 128.0, 128.0, 128.0, 128.0, 128.0]",14.101562261581421
2.036,"[252.0, 252.0, 252.0, 128.0, 128.0, 128.0, 128.0, 128.0, 128.0, 128.0, 128.0, 128.0, 128.0]",14.742708444595337
2.036,"[252.0, 252.0, 252.0, 128.0, 128.0, 128.0, 128.0, 128.0, 128.0, 128.0, 128.0, 128.0, 128.0]",14.025601148605347
