Symmetry Breaking option,sb_fix_var_vm_load_lex
Price min value,Price for each machine,Time
54.912,"[9.152, 9.152, 9.152, 9.152, 9.152, 9.152, 0.0, 0.0, 0.0, 0.0, 0.0]",0.3909311294555664
54.912,"[9.152, 9.152, 9.152, 9.152, 9.152, 9.152, 0.0, 0.0, 0.0, 0.0, 0.0]",0.45076799392700195
54.912,"[9.152, 9.152, 9.152, 9.152, 9.152, 9.152, 0.0, 0.0, 0.0, 0.0, 0.0]",0.2590811252593994
