Symmetry Breaking option,sb_fix_var_vm_load_lex
Price min value,Price for each machine,Time
1.512,"[0.126, 0.126, 0.126, 0.126, 0.126, 0.126, 0.126, 0.21, 0.21, 0.21]",9.529670000076294
1.512,"[0.126, 0.126, 0.126, 0.126, 0.126, 0.126, 0.126, 0.21, 0.21, 0.21]",7.096790790557861
1.512,"[0.126, 0.126, 0.126, 0.126, 0.126, 0.126, 0.126, 0.21, 0.21, 0.21]",10.854896783828735
