Symmetry Breaking option,sb_fix_var_vm_load_lex
Price min value,Price for each machine,Time
2.033,"[0.128, 0.128, 0.128, 0.128, 0.128, 0.128, 0.128, 0.379, 0.379, 0.379]",0.23636388778686523
2.033,"[0.128, 0.128, 0.128, 0.128, 0.128, 0.128, 0.128, 0.379, 0.379, 0.379]",0.20705509185791016
2.033,"[0.128, 0.128, 0.128, 0.128, 0.128, 0.128, 0.128, 0.379, 0.379, 0.379]",0.22402191162109375
