True,False,False,True,False,False,False,False,False,False,False
Price min value,Price for each machine,Time
54.912,"[9152.0, 9152.0, 9152.0, 0, 9152.0, 9152.0, 0, 9152.0, 0, 0, 0]",0.09988617897033691
54.912,"[9152.0, 9152.0, 9152.0, 0, 9152.0, 9152.0, 0, 9152.0, 0, 0, 0]",0.10673928260803223
54.912,"[9152.0, 9152.0, 9152.0, 0, 9152.0, 9152.0, 0, 9152.0, 0, 0, 0]",0.11096358299255371
