True,False,False,True,False,False,False,False,False,False,False
Price min value,Price for each machine,Time
1.012,"[252.0, 252.0, 252.0, 128.0, 128.0]",0.17487096786499023
1.012,"[252.0, 252.0, 252.0, 128.0, 128.0]",0.1745607852935791
1.012,"[252.0, 252.0, 252.0, 128.0, 128.0]",0.17383098602294922
