True,False,False,True,False,False,False,False,False,False,False
Price min value,Price for each machine,Time
1.012,"[252.0, 252.0, 252.0, 128.0, 128.0]",0.23185181617736816
1.012,"[252.0, 252.0, 252.0, 128.0, 128.0]",0.23273849487304688
1.012,"[252.0, 252.0, 252.0, 128.0, 128.0]",0.23226594924926758
