True,False,False,True,False,False,False,False,False,False,False
Price min value,Price for each machine,Time
1.416,"[402.0, 379.0, 379.0, 128.0, 128.0]",0.05086922645568848
1.416,"[402.0, 379.0, 379.0, 128.0, 128.0]",0.040281057357788086
1.416,"[402.0, 379.0, 379.0, 128.0, 128.0]",0.04266166687011719
