True,False,False,True,False,False,False,False,False,False,False
Price min value,Price for each machine,Time
3.759,"[379.0, 1288.0, 402.0, 1288.0, 0, 402.0]",0.05391669273376465
3.759,"[379.0, 1288.0, 402.0, 1288.0, 0, 402.0]",0.04398632049560547
3.759,"[379.0, 1288.0, 402.0, 1288.0, 0, 402.0]",0.05209994316101074
