True,False,False,True,False,False,False,False,False,False,False
Price min value,Price for each machine,Time
2.033,"[128.0, 128.0, 128.0, 128.0, 379.0, 379.0, 128.0, 128.0, 379.0, 128.0]",4.101392030715942
2.033,"[128.0, 128.0, 128.0, 128.0, 379.0, 379.0, 128.0, 128.0, 379.0, 128.0]",4.176218748092651
2.033,"[128.0, 128.0, 128.0, 128.0, 379.0, 379.0, 128.0, 128.0, 379.0, 128.0]",4.264284133911133
