True,False,False,True,False,False,False,False,False,False,False
Price min value,Price for each machine,Time
2.417,"[128.0, 128.0, 128.0, 128.0, 128.0, 128.0, 379.0, 128.0, 379.0, 128.0, 128.0, 128.0, 379.0]",2.306490421295166
2.417,"[128.0, 128.0, 128.0, 128.0, 128.0, 128.0, 379.0, 128.0, 379.0, 128.0, 128.0, 128.0, 379.0]",2.3037147521972656
2.417,"[128.0, 128.0, 128.0, 128.0, 128.0, 128.0, 379.0, 128.0, 379.0, 128.0, 128.0, 128.0, 379.0]",2.316737651824951
