True,False,False,True,False,False,False,False,False,False,False
Price min value,Price for each machine,Time
2.033,"[128.0, 128.0, 128.0, 128.0, 379.0, 128.0, 128.0, 379.0, 128.0, 379.0]",1.8676104545593262
2.033,"[128.0, 128.0, 128.0, 128.0, 379.0, 128.0, 128.0, 379.0, 128.0, 379.0]",1.8384199142456055
2.033,"[128.0, 128.0, 128.0, 128.0, 379.0, 128.0, 128.0, 379.0, 128.0, 379.0]",1.8552038669586182
