True,False,False,True,False,False,False,False,False,False,False
Price min value,Price for each machine,Time
1.652,"[128.0, 128.0, 128.0, 128.0, 252.0, 128.0, 252.0, 252.0, 128.0, 128.0]",1550.9577496051788
1.652,"[128.0, 128.0, 128.0, 128.0, 252.0, 128.0, 252.0, 252.0, 128.0, 128.0]",1575.4733176231384
1.652,"[128.0, 128.0, 128.0, 128.0, 252.0, 128.0, 252.0, 252.0, 128.0, 128.0]",1585.5491306781769
