True,False,False,True,False,False,False,False,False,False,False
Price min value,Price for each machine,Time
1.777,"[128.0, 128.0, 128.0, 128.0, 128.0, 379.0, 379.0, 379.0]",0.5288364887237549
1.777,"[128.0, 128.0, 128.0, 128.0, 128.0, 379.0, 379.0, 379.0]",0.5225093364715576
1.777,"[128.0, 128.0, 128.0, 128.0, 128.0, 379.0, 379.0, 379.0]",0.5204927921295166
