True,False,False,True,False,False,False,False,False,False,False
Price min value,Price for each machine,Time
2.289,"[128.0, 128.0, 128.0, 128.0, 128.0, 379.0, 128.0, 128, 128.0, 379.0, 128.0, 379.0]",2.190220832824707
2.289,"[128.0, 128.0, 128.0, 128.0, 128.0, 379.0, 128.0, 128, 128.0, 379.0, 128.0, 379.0]",1.9305799007415771
2.289,"[128.0, 128.0, 128.0, 128.0, 128.0, 379.0, 128.0, 128, 128.0, 379.0, 128.0, 379.0]",1.9062745571136475
