True,False,False,True,False,False,False,False,False,False,False
Price min value,Price for each machine,Time
2.289,"[128.0, 128.0, 128.0, 128.0, 128.0, 379.0, 379.0, 128.0, 379.0, 128.0, 128.0, 128.0]",4.045201301574707
2.289,"[128.0, 128.0, 128.0, 128.0, 128.0, 379.0, 379.0, 128.0, 379.0, 128.0, 128.0, 128.0]",4.093012571334839
2.289,"[128.0, 128.0, 128.0, 128.0, 128.0, 379.0, 379.0, 128.0, 379.0, 128.0, 128.0, 128.0]",4.098092555999756
