True,False,False,True,False,False,False,False,False,False,False
Price min value,Price for each machine,Time
2.417,"[128.0, 128.0, 128.0, 128.0, 128.0, 128.0, 379.0, 128.0, 128.0, 128.0, 379.0, 128.0, 379.0]",5.840792179107666
2.417,"[128.0, 128.0, 128.0, 128.0, 128.0, 128.0, 379.0, 128.0, 128.0, 128.0, 379.0, 128.0, 379.0]",5.762861251831055
2.417,"[128.0, 128.0, 128.0, 128.0, 128.0, 128.0, 379.0, 128.0, 128.0, 128.0, 379.0, 128.0, 379.0]",5.7473344802856445
