True,False,False,True,False,False,False,False,False,False,False
Price min value,Price for each machine,Time
1.396,"[128.0, 128.0, 128.0, 128.0, 252.0, 128.0, 252.0, 252.0]",43.595863580703735
1.396,"[128.0, 128.0, 128.0, 128.0, 252.0, 128.0, 252.0, 252.0]",44.54028058052063
1.396,"[128.0, 128.0, 128.0, 128.0, 252.0, 128.0, 252.0, 252.0]",43.74736022949219
