True,False,False,False,False,False,False,False,False,False,False,True,False,False
Price min value,Price for each machine,Time
1.674,"[0.116, 0.116, 0.116, 0.116, 0.116, 0.116, 0.116, 0.116, 0.116, 0.21, 0.21, 0.21]",88.12465500831604
1.674,"[0.116, 0.116, 0.116, 0.116, 0.116, 0.116, 0.116, 0.116, 0.116, 0.21, 0.21, 0.21]",78.35372185707092
1.674,"[0.116, 0.116, 0.116, 0.116, 0.116, 0.116, 0.116, 0.116, 0.116, 0.21, 0.21, 0.21]",78.2237389087677
