True,False,False,False,False,False,False,False,False,False,False,False,True,False
Price min value,Price for each machine,Time
1.764,"[0.21, 0.21, 0.21, 0.126, 0.126, 0.126, 0.126, 0.126, 0.126, 0.126, 0.126, 0.126]",76.61590671539307
1.764,"[0.21, 0.21, 0.21, 0.126, 0.126, 0.126, 0.126, 0.126, 0.126, 0.126, 0.126, 0.126]",70.1980390548706
1.764,"[0.21, 0.21, 0.21, 0.126, 0.126, 0.126, 0.126, 0.126, 0.126, 0.126, 0.126, 0.126]",70.92510604858398
