True,False,False,False,False,False,False,False,False,False,False,False,True,False
Price min value,Price for each machine,Time
1.674,"[0.21, 0.21, 0.21, 0.116, 0.116, 0.116, 0.116, 0.116, 0.116, 0.116, 0.116, 0.116]",153.2829132080078
1.674,"[0.21, 0.21, 0.21, 0.116, 0.116, 0.116, 0.116, 0.116, 0.116, 0.116, 0.116, 0.116]",189.79597997665405
1.674,"[0.21, 0.21, 0.21, 0.116, 0.116, 0.116, 0.116, 0.116, 0.116, 0.116, 0.116, 0.116]",200.3292417526245
