True,False,False,False,False,False,False,False,False,False,False,False,True,False
Price min value,Price for each machine,Time
1.396,"[0.252, 0.252, 0.252, 0.128, 0.128, 0.128, 0.128, 0.128]",1.3900439739227295
1.396,"[0.252, 0.252, 0.252, 0.128, 0.128, 0.128, 0.128, 0.128]",1.1934740543365479
1.396,"[0.252, 0.252, 0.252, 0.128, 0.128, 0.128, 0.128, 0.128]",1.643700122833252
