True,False,False,False,False,False,False,False,False,False,False,False,True,False
Price min value,Price for each machine,Time
2.417,"[0.379, 0.379, 0.379, 0.128, 0.128, 0.128, 0.128, 0.128, 0.128, 0.128, 0.128, 0.128, 0.128]",4.503414154052734
2.417,"[0.379, 0.379, 0.379, 0.128, 0.128, 0.128, 0.128, 0.128, 0.128, 0.128, 0.128, 0.128, 0.128]",3.065537929534912
2.417,"[0.379, 0.379, 0.379, 0.128, 0.128, 0.128, 0.128, 0.128, 0.128, 0.128, 0.128, 0.128, 0.128]",2.1996347904205322
