True,False,False,False,False,False,False,False,False,False,True,False,False,False
Price min value,Price for each machine,Time
1.777,"[0.128, 0.128, 0.128, 0.379, 0.379, 0.379, 0.128, 0.128]",0.2804532051086426
1.777,"[0.128, 0.128, 0.128, 0.379, 0.379, 0.379, 0.128, 0.128]",0.3209409713745117
1.777,"[0.128, 0.128, 0.128, 0.379, 0.379, 0.379, 0.128, 0.128]",0.33966898918151855
