True,False,False,False,False,False,False,False,False,False,True,False,False,False
Price min value,Price for each machine,Time
2.417,"[0.128, 0.128, 0.128, 0.128, 0.128, 0.128, 0.379, 0.379, 0.379, 0.128, 0.128, 0.128, 0.128]",1.709256887435913
2.417,"[0.128, 0.128, 0.128, 0.128, 0.128, 0.128, 0.379, 0.379, 0.379, 0.128, 0.128, 0.128, 0.128]",0.9185199737548828
2.417,"[0.128, 0.128, 0.128, 0.128, 0.128, 0.128, 0.379, 0.379, 0.379, 0.128, 0.128, 0.128, 0.128]",0.934938907623291
