Symmetry Breaking option,sb_vm_load_lex
Price min value,Price for each machine,Time
26.4,"[4.4, 4.4, 4.4, 4.4, 4.4, 4.4, 0.0, 0.0, 0.0, 0.0, 0.0]",10.91975998878479
26.4,"[4.4, 4.4, 4.4, 4.4, 4.4, 4.4, 0.0, 0.0, 0.0, 0.0, 0.0]",6.916563987731934
26.4,"[4.4, 4.4, 4.4, 4.4, 4.4, 4.4, 0.0, 0.0, 0.0, 0.0, 0.0]",11.1212899684906
