Symmetry Breaking option,sb_vm_load_lex
Price min value,Price for each machine,Time
26.4,"[4.4, 4.4, 4.4, 4.4, 4.4, 4.4, 0.0, 0.0, 0.0, 0.0, 0.0]",21.835920810699463
26.4,"[4.4, 4.4, 4.4, 4.4, 4.4, 4.4, 0.0, 0.0, 0.0, 0.0, 0.0]",38.112831115722656
26.4,"[4.4, 4.4, 4.4, 4.4, 4.4, 4.4, 0.0, 0.0, 0.0, 0.0, 0.0]",27.09295892715454
