Symmetry Breaking option,sb_vm_load_lex
Price min value,Price for each machine,Time
2.033,"[0.128, 0.128, 0.128, 0.128, 0.128, 0.128, 0.128, 0.379, 0.379, 0.379]",0.19535589218139648
2.033,"[0.128, 0.128, 0.128, 0.128, 0.128, 0.128, 0.128, 0.379, 0.379, 0.379]",0.21707701683044434
2.033,"[0.128, 0.128, 0.128, 0.128, 0.128, 0.128, 0.128, 0.379, 0.379, 0.379]",0.19859790802001953
