Symmetry Breaking option,sb_vm_load_lex
Price min value,Price for each machine,Time
1.674,"[0.116, 0.116, 0.116, 0.116, 0.116, 0.116, 0.116, 0.116, 0.116, 0.21, 0.21, 0.21]",44.620327949523926
1.674,"[0.116, 0.116, 0.116, 0.116, 0.116, 0.116, 0.116, 0.116, 0.116, 0.21, 0.21, 0.21]",52.711456060409546
1.674,"[0.116, 0.116, 0.116, 0.116, 0.116, 0.116, 0.116, 0.116, 0.116, 0.21, 0.21, 0.21]",30.144118070602417
