Symmetry Breaking option,sb_vm_load_lex
Price min value,Price for each machine,Time
1.21,"[0.116, 0.116, 0.116, 0.116, 0.116, 0.21, 0.21, 0.21]",8.450497150421143
1.21,"[0.116, 0.116, 0.116, 0.116, 0.116, 0.21, 0.21, 0.21]",11.897454977035522
1.21,"[0.116, 0.116, 0.116, 0.116, 0.116, 0.21, 0.21, 0.21]",11.247586011886597
