True,False,False,False,False,False,False,False,False,False,False
Price min value,Price for each machine,Time
54.912,"[9152.0, 9152.0, 9152.0, 9152.0, 9152.0, 9152.0, 0, 0, 0, 0, 0]",36.729806900024414
54.912,"[9152.0, 9152.0, 9152.0, 9152.0, 9152.0, 9152.0, 0, 0, 0, 0, 0]",36.889747858047485
54.912,"[9152.0, 9152.0, 9152.0, 9152.0, 9152.0, 9152.0, 0, 0, 0, 0, 0]",37.342933893203735
