True,False,False,False,False,False,False,False,False,False,False
Price min value,Price for each machine,Time
54.912,"[9152.0, 9152.0, 9152.0, 9152.0, 9152.0, 9152.0, 0, 0, 0, 0, 0]",2.5343997478485107
54.912,"[9152.0, 9152.0, 9152.0, 9152.0, 9152.0, 9152.0, 0, 0, 0, 0, 0]",2.4569602012634277
54.912,"[9152.0, 9152.0, 9152.0, 9152.0, 9152.0, 9152.0, 0, 0, 0, 0, 0]",2.4662041664123535
