True,False,False,False,False,False,False,False,False,False,False
Price min value,Price for each machine,Time
1.008,"[252.0, 126.0, 252.0, 126.0, 252.0]",11.223232746124268
1.008,"[252.0, 126.0, 252.0, 126.0, 252.0]",11.209570407867432
1.008,"[252.0, 126.0, 252.0, 126.0, 252.0]",11.031549453735352
