True,False,False,False,False,False,False,False,False,False,False
Price min value,Price for each machine,Time
1.012,"[252.0, 128.0, 252.0, 128.0, 252.0]",1.2630093097686768
1.012,"[252.0, 128.0, 252.0, 128.0, 252.0]",1.3062801361083984
1.012,"[252.0, 128.0, 252.0, 128.0, 252.0]",1.2872307300567627
