True,False,False,False,False,False,False,False,False,False,False
Price min value,Price for each machine,Time
0.882,"[210.0, 126.0, 210.0, 126.0, 210.0]",103.25939798355103
0.882,"[210.0, 126.0, 210.0, 126.0, 210.0]",112.42666101455688
0.882,"[210.0, 126.0, 210.0, 126.0, 210.0]",112.72862911224365
