True,False,False,False,False,False,False,False,False,False,False
Price min value,Price for each machine,Time
1.622,"[210.0, 210.0, 460.0, 210.0, 532.0, 0]",166.90325689315796
1.622,"[210.0, 210.0, 460.0, 210.0, 532.0, 0]",165.6484444141388
1.622,"[210.0, 210.0, 460.0, 210.0, 532.0, 0]",167.61256456375122
