True,False,False,False,False,False,False,False,False,False,False
Price min value,Price for each machine,Time
2.033,"[252.0, 252.0, 582.0, 252.0, 695.0, 0]",8.321207046508789
2.033,"[252.0, 252.0, 582.0, 252.0, 695.0, 0]",8.396916151046753
2.033,"[252.0, 252.0, 582.0, 252.0, 695.0, 0]",8.50898027420044
