True,False,False,False,False,False,False,False,False,False,False
Price min value,Price for each machine,Time
2.676,"[252.0, 252.0, 632.0, 252.0, 1288.0, 0]",2.6504311561584473
2.676,"[252.0, 252.0, 632.0, 252.0, 1288.0, 0]",2.7273948192596436
2.676,"[252.0, 252.0, 632.0, 252.0, 1288.0, 0]",2.6823887825012207
