True,False,False,False,False,False,False,False,False,False,False
Price min value,Price for each machine,Time
2.033,"[128.0, 128.0, 128.0, 128.0, 128.0, 128.0, 128.0, 379.0, 379.0, 379.0]",1.8481340408325195
2.033,"[128.0, 128.0, 128.0, 128.0, 128.0, 128.0, 128.0, 379.0, 379.0, 379.0]",1.7682521343231201
2.033,"[128.0, 128.0, 128.0, 128.0, 128.0, 128.0, 128.0, 379.0, 379.0, 379.0]",1.855578899383545
