True,False,False,False,False,False,False,False,False,False,False
Price min value,Price for each machine,Time
1.386,"[126.0, 126.0, 126.0, 126.0, 126.0, 252.0, 252.0, 252.0]",784.8097774982452
1.386,"[126.0, 126.0, 126.0, 126.0, 126.0, 252.0, 252.0, 252.0]",785.7354609966278
1.386,"[126.0, 126.0, 126.0, 126.0, 126.0, 252.0, 252.0, 252.0]",783.6561036109924
