True,False,False,False,False,False,False,False,False,False,False
Price min value,Price for each machine,Time
1.777,"[128.0, 128.0, 128.0, 128.0, 128.0, 379.0, 379.0, 379.0]",0.9662258625030518
1.777,"[128.0, 128.0, 128.0, 128.0, 128.0, 379.0, 379.0, 379.0]",0.9441006183624268
1.777,"[128.0, 128.0, 128.0, 128.0, 128.0, 379.0, 379.0, 379.0]",1.0094788074493408
