True,False,False,False,False,False,False,False,False,False,False
Price min value,Price for each machine,Time
1.652,"[128.0, 128.0, 128.0, 128.0, 128.0, 128.0, 128.0, 252.0, 252.0, 252.0]",41.32162809371948
1.652,"[128.0, 128.0, 128.0, 128.0, 128.0, 128.0, 128.0, 252.0, 252.0, 252.0]",41.122987031936646
1.652,"[128.0, 128.0, 128.0, 128.0, 128.0, 128.0, 128.0, 252.0, 252.0, 252.0]",41.315765142440796
