True,False,False,False,False,False,False,False,False,False,False
Price min value,Price for each machine,Time
2.289,"[128.0, 128.0, 128.0, 128.0, 128.0, 128.0, 128.0, 128.0, 128.0, 379.0, 379.0, 379.0]",5.832473278045654
2.289,"[128.0, 128.0, 128.0, 128.0, 128.0, 128.0, 128.0, 128.0, 128.0, 379.0, 379.0, 379.0]",5.8035619258880615
2.289,"[128.0, 128.0, 128.0, 128.0, 128.0, 128.0, 128.0, 128.0, 128.0, 379.0, 379.0, 379.0]",6.101467132568359
