True,False,False,False,False,False,False,False,False,False,False
Price min value,Price for each machine,Time
1.396,"[128.0, 128.0, 128.0, 128.0, 128.0, 252.0, 252.0, 252.0]",23.17677903175354
1.396,"[128.0, 128.0, 128.0, 128.0, 128.0, 252.0, 252.0, 252.0]",23.35703134536743
1.396,"[128.0, 128.0, 128.0, 128.0, 128.0, 252.0, 252.0, 252.0]",23.15947699546814
