True,True,False,True,False,False,False,False,False,False,False
Price min value,Price for each machine,Time
54912/1000,"[9152, 9152, 9152, 9152, 9152, 9152, 0, 0, 0, 0, 0]",1.1429603099822998
54912/1000,"[9152, 9152, 9152, 9152, 9152, 9152, 0, 0, 0, 0, 0]",1.1331396102905273
54912/1000,"[9152, 9152, 9152, 9152, 9152, 9152, 0, 0, 0, 0, 0]",1.0419375896453857
