True,True,False,True,False,False,False,False,False,False,False
Price min value,Price for each machine,Time
2520/1000,"[126, 126, 126, 126, 126, 126, 126, 126, 252, 252, 252, 126, 126, 126, 126, 126, 126]",80.6275806427002
2520/1000,"[126, 126, 126, 126, 126, 126, 126, 126, 252, 252, 252, 126, 126, 126, 126, 126, 126]",82.25337266921997
2520/1000,"[126, 126, 126, 126, 126, 126, 126, 126, 252, 252, 252, 126, 126, 126, 126, 126, 126]",70.20836544036865
