True,True,False,True,False,False,False,False,False,False,False
Price min value,Price for each machine,Time
2548/1000,"[128, 128, 128, 128, 128, 128, 128, 128, 252, 252, 252, 128, 128, 128, 128, 128, 128]",4.473947286605835
2548/1000,"[128, 128, 128, 128, 128, 128, 128, 128, 252, 252, 252, 128, 128, 128, 128, 128, 128]",4.626385927200317
2548/1000,"[128, 128, 128, 128, 128, 128, 128, 128, 252, 252, 252, 128, 128, 128, 128, 128, 128]",5.349522590637207
