True,True,False,True,False,False,False,False,False,False,False
Price min value,Price for each machine,Time
2673/1000,"[128, 128, 128, 128, 128, 128, 128, 379, 379, 379, 128, 128, 128, 128, 128]",0.7502174377441406
2673/1000,"[128, 128, 128, 128, 128, 128, 128, 379, 379, 379, 128, 128, 128, 128, 128]",0.7486464977264404
2673/1000,"[128, 128, 128, 128, 128, 128, 128, 379, 379, 379, 128, 128, 128, 128, 128]",0.7695424556732178
