True,True,False,True,False,False,False,False,False,False,False
Price min value,Price for each machine,Time
2417/1000,"[128, 128, 128, 128, 128, 128, 379, 379, 379, 128, 128, 128, 128]",0.4926915168762207
2417/1000,"[128, 128, 128, 128, 128, 128, 379, 379, 379, 128, 128, 128, 128]",0.5293903350830078
2417/1000,"[128, 128, 128, 128, 128, 128, 379, 379, 379, 128, 128, 128, 128]",0.5237734317779541
