True,True,False,True,False,False,False,False,False,False,False
Price min value,Price for each machine,Time
2142/1000,"[126, 126, 126, 126, 126, 126, 126, 210, 210, 210, 126, 126, 126, 126, 126]",17.45073175430298
2142/1000,"[126, 126, 126, 126, 126, 126, 126, 210, 210, 210, 126, 126, 126, 126, 126]",17.216358184814453
2142/1000,"[126, 126, 126, 126, 126, 126, 126, 210, 210, 210, 126, 126, 126, 126, 126]",8.30359959602356
