True,False,True,False,False,False,False,False,False,False,False
Price min value,Price for each machine,Time
1008/1000,"[252, 126, 252, 126, 252]",3.045581102371216
1008/1000,"[252, 126, 252, 126, 252]",2.8948044776916504
1008/1000,"[252, 126, 252, 126, 252]",3.5301406383514404
