True,False,True,False,False,False,False,False,False,False,False
Price min value,Price for each machine,Time
2929/1000,"[128, 128, 128, 128, 128, 128, 128, 128, 128, 128, 128, 128, 128, 128, 379, 379, 379]",1.9997005462646484
2929/1000,"[128, 128, 128, 128, 128, 128, 128, 128, 128, 128, 128, 128, 128, 128, 379, 379, 379]",2.1390316486358643
2929/1000,"[128, 128, 128, 128, 128, 128, 128, 128, 128, 128, 128, 128, 128, 128, 379, 379, 379]",1.772684097290039
