True,False,True,False,False,False,False,False,False,False,False
Price min value,Price for each machine,Time
2036/1000,"[128, 128, 128, 128, 128, 128, 128, 128, 128, 128, 252, 252, 252]",2.929204225540161
2036/1000,"[128, 128, 128, 128, 128, 128, 128, 128, 128, 128, 252, 252, 252]",2.9838922023773193
2036/1000,"[128, 128, 128, 128, 128, 128, 128, 128, 128, 128, 252, 252, 252]",2.6736624240875244
