True,False,True,False,False,False,False,False,False,False,False
Price min value,Price for each machine,Time
2016/1000,"[126, 126, 126, 126, 126, 126, 126, 126, 126, 126, 252, 252, 252]",36.340028047561646
2016/1000,"[126, 126, 126, 126, 126, 126, 126, 126, 126, 126, 252, 252, 252]",34.85149073600769
2016/1000,"[126, 126, 126, 126, 126, 126, 126, 126, 126, 126, 252, 252, 252]",42.15395927429199
