True,False,True,False,False,False,False,False,False,False,False
Price min value,Price for each machine,Time
1764/1000,"[126, 126, 126, 126, 126, 126, 126, 126, 126, 210, 210, 210]",17.201940536499023
1764/1000,"[126, 126, 126, 126, 126, 126, 126, 126, 126, 210, 210, 210]",10.530154705047607
1764/1000,"[126, 126, 126, 126, 126, 126, 126, 126, 126, 210, 210, 210]",14.279077768325806
