True,False,True,False,False,False,False,False,False,False,False
Price min value,Price for each machine,Time
1210/1000,"[116, 116, 116, 116, 116, 210, 210, 210]",9.183719158172607
1210/1000,"[116, 116, 116, 116, 116, 210, 210, 210]",13.468713998794556
1210/1000,"[116, 116, 116, 116, 116, 210, 210, 210]",12.161679983139038
