True,False,True,False,False,False,False,False,False,False,False
Price min value,Price for each machine,Time
1512/1000,"[126, 126, 126, 126, 126, 126, 126, 210, 210, 210]",10.145208358764648
1512/1000,"[126, 126, 126, 126, 126, 126, 126, 210, 210, 210]",11.722909688949585
1512/1000,"[126, 126, 126, 126, 126, 126, 126, 210, 210, 210]",8.673603296279907
