True,False,True,False,False,False,False,False,False,False,False
Price min value,Price for each machine,Time
1777/1000,"[128, 128, 128, 128, 128, 379, 379, 379]",0.2552950382232666
1777/1000,"[128, 128, 128, 128, 128, 379, 379, 379]",0.29808497428894043
1777/1000,"[128, 128, 128, 128, 128, 379, 379, 379]",0.2543914318084717
