True,False,True,False,False,False,False,False,False,False,False
Price min value,Price for each machine,Time
2289/1000,"[128, 128, 128, 128, 128, 128, 128, 128, 128, 379, 379, 379]",0.6562838554382324
2289/1000,"[128, 128, 128, 128, 128, 128, 128, 128, 128, 379, 379, 379]",0.645315408706665
2289/1000,"[128, 128, 128, 128, 128, 128, 128, 128, 128, 379, 379, 379]",0.6614484786987305
