True,False,True,False,False,False,False,False,False,False,False
Price min value,Price for each machine,Time
2673/1000,"[128, 128, 128, 128, 128, 128, 128, 128, 128, 128, 128, 128, 379, 379, 379]",1.1033830642700195
2673/1000,"[128, 128, 128, 128, 128, 128, 128, 128, 128, 128, 128, 128, 379, 379, 379]",0.9227910041809082
2673/1000,"[128, 128, 128, 128, 128, 128, 128, 128, 128, 128, 128, 128, 379, 379, 379]",1.0247342586517334
