True,False,True,False,False,False,False,False,False,False,False
Price min value,Price for each machine,Time
2268/1000,"[126, 126, 126, 126, 126, 126, 126, 126, 126, 126, 126, 126, 252, 252, 252]",54.93878149986267
2268/1000,"[126, 126, 126, 126, 126, 126, 126, 126, 126, 126, 126, 126, 252, 252, 252]",60.368890047073364
2268/1000,"[126, 126, 126, 126, 126, 126, 126, 126, 126, 126, 126, 126, 252, 252, 252]",56.13648343086243
