True,False,True,False,False,False,False,False,False,False,False
Price min value,Price for each machine,Time
2394/1000,"[126, 126, 126, 126, 126, 126, 126, 126, 126, 126, 126, 126, 126, 126, 210, 210, 210]",103.23903393745422
2394/1000,"[126, 126, 126, 126, 126, 126, 126, 126, 126, 126, 126, 126, 126, 126, 210, 210, 210]",86.59424495697021
2394/1000,"[126, 126, 126, 126, 126, 126, 126, 126, 126, 126, 126, 126, 126, 126, 210, 210, 210]",75.13854646682739
