True,False,True,False,False,False,False,False,False,False,False
Price min value,Price for each machine,Time
1890/1000,"[126, 126, 126, 126, 126, 126, 126, 126, 126, 252, 252, 252]",26.826719999313354
1890/1000,"[126, 126, 126, 126, 126, 126, 126, 126, 126, 252, 252, 252]",30.75830101966858
1890/1000,"[126, 126, 126, 126, 126, 126, 126, 126, 126, 252, 252, 252]",29.701714992523193
