True,False,True,False,False,False,False,False,False,False,False
Price min value,Price for each machine,Time
1386/1000,"[126, 126, 126, 126, 126, 252, 252, 252]",11.443175554275513
1386/1000,"[126, 126, 126, 126, 126, 252, 252, 252]",10.14372968673706
1386/1000,"[126, 126, 126, 126, 126, 252, 252, 252]",10.510620832443237
