True,False,False,False,False,False,False,False,True,True,False
Price min value,Price for each machine,Time
54.912,"[9152.0, 9152.0, 9152.0, 0, 9152.0, 0, 9152.0, 0, 0, 9152.0, 0]",978.5729534626007
54.912,"[9152.0, 9152.0, 9152.0, 0, 9152.0, 0, 9152.0, 0, 0, 9152.0, 0]",984.2793116569519
54.912,"[9152.0, 9152.0, 9152.0, 0, 9152.0, 0, 9152.0, 0, 0, 9152.0, 0]",982.2061262130737
