True,False,False,False,False,False,False,False,True,True,False
Price min value,Price for each machine,Time
1.012,"[128.0, 252.0, 128.0, 252.0, 252.0]",11.788190126419067
1.012,"[128.0, 252.0, 128.0, 252.0, 252.0]",11.690571069717407
1.012,"[128.0, 252.0, 128.0, 252.0, 252.0]",11.727149963378906
