True,False,False,False,False,False,False,False,True,True,False
Price min value,Price for each machine,Time
1.008,"[126.0, 252.0, 252.0, 252.0, 126.0]",378.7386612892151
1.008,"[126.0, 252.0, 252.0, 252.0, 126.0]",378.7458493709564
1.008,"[126.0, 252.0, 252.0, 252.0, 126.0]",378.61137342453003
