True,False,False,False,False,False,False,False,True,True,False
Price min value,Price for each machine,Time
2.676,"[1288.0, 632.0, 252.0, 0, 252.0, 252.0]",491.48631525039673
2.676,"[1288.0, 632.0, 252.0, 0, 252.0, 252.0]",489.2457826137543
2.676,"[1288.0, 632.0, 252.0, 0, 252.0, 252.0]",490.2368428707123
