True,False,False,False,False,False,False,False,True,True,False
Price min value,Price for each machine,Time
2.033,"[128.0, 128.0, 379.0, 379.0, 128.0, 128.0, 128.0, 379.0, 128.0, 128.0]",507.4726185798645
2.033,"[128.0, 128.0, 379.0, 379.0, 128.0, 128.0, 128.0, 379.0, 128.0, 128.0]",500.957471370697
2.033,"[128.0, 128.0, 379.0, 379.0, 128.0, 128.0, 128.0, 379.0, 128.0, 128.0]",506.5667643547058
