True,False,False,False,False,False,False,False,True,True,False
Price min value,Price for each machine,Time
2.289,"[128.0, 379.0, 379.0, 128.0, 128.0, 379.0, 128.0, 128.0, 128.0, 128.0, 128.0, 128.0]",1363.44748544693
2.289,"[128.0, 379.0, 379.0, 128.0, 128.0, 379.0, 128.0, 128.0, 128.0, 128.0, 128.0, 128.0]",1358.383314371109
2.289,"[128.0, 379.0, 379.0, 128.0, 128.0, 379.0, 128.0, 128.0, 128.0, 128.0, 128.0, 128.0]",1381.2798898220062
