True,True,False,True,False,False,False,False,False,False,False
Price min value,Price for each machine,Time
26.4,"[4400.0, 4400.0, 4400.0, 4400.0, 4400.0, 4400.0, 0, 0, 0, 0, 0]",3.0671656131744385
26.4,"[4400.0, 4400.0, 4400.0, 4400.0, 4400.0, 4400.0, 0, 0, 0, 0, 0]",3.0379419326782227
26.4,"[4400.0, 4400.0, 4400.0, 4400.0, 4400.0, 4400.0, 0, 0, 0, 0, 0]",3.053882122039795
