False,False,False,False,False,False,False,False,False,False,False
Price min value,Price for each machine,Time
26.4,"[4400.0, 4400.0, 4400.0, 4400.0, 4400.0, 4400.0, 0, 0, 0, 0, 0]",0.5170762538909912
26.4,"[4400.0, 4400.0, 4400.0, 4400.0, 4400.0, 4400.0, 0, 0, 0, 0, 0]",0.5169768333435059
26.4,"[4400.0, 4400.0, 4400.0, 4400.0, 4400.0, 4400.0, 0, 0, 0, 0, 0]",0.517228364944458
