False,False,False,False,False,False,False,False,False,False,False
Price min value,Price for each machine,Time
1.416,"[402.0, 128.0, 379.0, 128.0, 379.0]",0.11568045616149902
1.416,"[402.0, 128.0, 379.0, 128.0, 379.0]",0.1231226921081543
1.416,"[402.0, 128.0, 379.0, 128.0, 379.0]",0.0831906795501709
