False,False,False,False,False,False,False,False,False,False,False
Price min value,Price for each machine,Time
1.396,"[128.0, 252.0, 252.0, 128.0, 252.0, 128.0, 128.0, 128.0]",3.6978695392608643
1.396,"[128.0, 252.0, 252.0, 128.0, 252.0, 128.0, 128.0, 128.0]",3.6805002689361572
1.396,"[128.0, 252.0, 252.0, 128.0, 252.0, 128.0, 128.0, 128.0]",3.8707897663116455
