False,False,False,False,False,False,False,False,False,False,False
Price min value,Price for each machine,Time
1.462,"[116.0, 126.0, 126.0, 116.0, 210.0, 116.0, 210.0, 116.0, 116.0, 210.0]",8.647809982299805
1.462,"[116.0, 126.0, 126.0, 116.0, 210.0, 116.0, 210.0, 116.0, 116.0, 210.0]",8.45614767074585
1.462,"[116.0, 126.0, 126.0, 116.0, 210.0, 116.0, 210.0, 116.0, 116.0, 210.0]",8.618267297744751
