False,False,False,False,False,False,False,False,False,False,False
Price min value,Price for each machine,Time
1.512,"[126.0, 126.0, 126.0, 210.0, 126.0, 210.0, 126.0, 126.0, 126.0, 210.0]",52.42489695549011
1.512,"[126.0, 126.0, 126.0, 210.0, 126.0, 210.0, 126.0, 126.0, 126.0, 210.0]",52.419092655181885
1.512,"[126.0, 126.0, 126.0, 210.0, 126.0, 210.0, 126.0, 126.0, 126.0, 210.0]",52.545011043548584
