False,False,False,False,False,False,False,False,False,False,False
Price min value,Price for each machine,Time
1.282,"[210.0, 126.0, 126.0, 128.0, 210.0, 126.0, 126.0, 230.0]",11.80241322517395
1.282,"[210.0, 126.0, 126.0, 128.0, 210.0, 126.0, 126.0, 230.0]",11.826891660690308
1.282,"[210.0, 126.0, 126.0, 128.0, 210.0, 126.0, 126.0, 230.0]",11.8388831615448
