Symmetry Breaking option,sb_fix_var_lex
Price min value,Price for each machine,Time
1.512,"[0.126, 0.126, 0.126, 0.126, 0.126, 0.126, 0.126, 0.21, 0.21, 0.21]",12.030969858169556
1.512,"[0.126, 0.126, 0.126, 0.126, 0.126, 0.126, 0.126, 0.21, 0.21, 0.21]",8.21225094795227
1.512,"[0.126, 0.126, 0.126, 0.126, 0.126, 0.126, 0.126, 0.21, 0.21, 0.21]",10.244186878204346
