Symmetry Breaking option,sb_fix_var_lex
Price min value,Price for each machine,Time
1.674,"[0.116, 0.116, 0.116, 0.116, 0.116, 0.116, 0.116, 0.116, 0.116, 0.21, 0.21, 0.21]",22.484992027282715
1.674,"[0.116, 0.116, 0.116, 0.116, 0.116, 0.116, 0.116, 0.116, 0.116, 0.21, 0.21, 0.21]",33.81886005401611
1.674,"[0.116, 0.116, 0.116, 0.116, 0.116, 0.116, 0.116, 0.116, 0.116, 0.21, 0.21, 0.21]",35.48768711090088
