Symmetry Breaking option,sb_fix_var_lex
Price min value,Price for each machine,Time
1.764,"[0.126, 0.126, 0.126, 0.126, 0.126, 0.126, 0.126, 0.126, 0.126, 0.21, 0.21, 0.21]",14.24213981628418
1.764,"[0.126, 0.126, 0.126, 0.126, 0.126, 0.126, 0.126, 0.126, 0.126, 0.21, 0.21, 0.21]",14.640592098236084
1.764,"[0.126, 0.126, 0.126, 0.126, 0.126, 0.126, 0.126, 0.126, 0.126, 0.21, 0.21, 0.21]",12.40375304222107
