True,False,False,False,True,False,False,False,False,False,False,False,False,False
Price min value,Price for each machine,Time
1.908,"[0.128, 0.128, 0.128, 0.128, 0.128, 0.128, 0.128, 0.128, 0.128, 0.252, 0.252, 0.252]",3.576570749282837
1.908,"[0.128, 0.128, 0.128, 0.128, 0.128, 0.128, 0.128, 0.128, 0.128, 0.252, 0.252, 0.252]",3.434752941131592
1.908,"[0.128, 0.128, 0.128, 0.128, 0.128, 0.128, 0.128, 0.128, 0.128, 0.252, 0.252, 0.252]",3.248204231262207
