True,False,False,False,True,False,False,False,False,False,False,False,False,False
Price min value,Price for each machine,Time
1.777,"[0.128, 0.128, 0.128, 0.128, 0.128, 0.379, 0.379, 0.379]",0.3899979591369629
1.777,"[0.128, 0.128, 0.128, 0.128, 0.128, 0.379, 0.379, 0.379]",0.4008982181549072
1.777,"[0.128, 0.128, 0.128, 0.128, 0.128, 0.379, 0.379, 0.379]",0.3878929615020752
