True,False,False,False,True,False,False,False,False,False,False,False,False,False
Price min value,Price for each machine,Time
1.652,"[0.128, 0.128, 0.128, 0.128, 0.128, 0.128, 0.128, 0.252, 0.252, 0.252]",1.920408010482788
1.652,"[0.128, 0.128, 0.128, 0.128, 0.128, 0.128, 0.128, 0.252, 0.252, 0.252]",2.279068946838379
1.652,"[0.128, 0.128, 0.128, 0.128, 0.128, 0.128, 0.128, 0.252, 0.252, 0.252]",1.9643070697784424
