True,False,False,False,False,False,False,False,False,False,False
Price min value,Price for each machine,Time
26400/1000,"[4400, 4400, 4400, 4400, 4400, 4400, 0, 0, 0, 0, 0]",16.585142135620117
26400/1000,"[4400, 4400, 4400, 4400, 4400, 4400, 0, 0, 0, 0, 0]",14.293884515762329
26400/1000,"[4400, 4400, 4400, 4400, 4400, 4400, 0, 0, 0, 0, 0]",12.09780764579773
