True,False,False,False,False,False,False,False,False,False,False
Price min value,Price for each machine,Time
54912/1000,"[9152, 9152, 9152, 9152, 9152, 9152, 0, 0, 0, 0, 0]",1.4621968269348145
54912/1000,"[9152, 9152, 9152, 9152, 9152, 9152, 0, 0, 0, 0, 0]",1.1769912242889404
54912/1000,"[9152, 9152, 9152, 9152, 9152, 9152, 0, 0, 0, 0, 0]",1.4901139736175537
