True,False,False,False,False,False,False,False,False,False,False
Price min value,Price for each machine,Time
1008/1000,"[252, 252, 252, 126, 126]",3.2949912548065186
1008/1000,"[252, 252, 252, 126, 126]",3.546452045440674
1008/1000,"[252, 126, 252, 126, 252]",3.7102389335632324
