True,False,False,False,False,False,False,False,False,False,False
Price min value,Price for each machine,Time
882/1000,"[126, 210, 210, 126, 210]",2.2829697132110596
882/1000,"[210, 126, 210, 210, 126]",1.9681568145751953
882/1000,"[210, 210, 126, 126, 210]",2.351550340652466
