True,False,False,False,False,False,False,False,False,False,False
Price min value,Price for each machine,Time
862/1000,"[210, 210, 210, 116, 116]",6.450596809387207
862/1000,"[210, 210, 116, 116, 210]",6.504591941833496
862/1000,"[210, 210, 210, 116, 116]",5.8784849643707275
