True,False,False,False,False,False,False,False,False,False,False
Price min value,Price for each machine,Time
1416/1000,"[128, 402, 379, 128, 379]",0.16419768333435059
1416/1000,"[402, 128, 379, 128, 379]",0.19719767570495605
1416/1000,"[379, 128, 402, 379, 128]",0.19789886474609375
