True,False,False,False,False,False,False,False,False,False,False
Price min value,Price for each machine,Time
3759/1000,"[402, 1288, 402, 379, 1288, 0]",0.18776583671569824
3759/1000,"[402, 402, 1288, 379, 1288, 0]",0.13373136520385742
3759/1000,"[402, 1288, 402, 379, 1288, 0]",0.15847992897033691
