True,False,False,False,False,False,False,False,False,False,False
Price min value,Price for each machine,Time
2676/1000,"[252, 252, 632, 252, 1288, 0]",0.46823906898498535
2676/1000,"[252, 632, 252, 1288, 252, 0]",0.45761585235595703
2676/1000,"[632, 252, 252, 252, 1288, 0]",0.47920989990234375
