True,False,False,False,False,False,False,False,False,False,False
Price min value,Price for each machine,Time
1582/1000,"[420, 210, 210, 532, 210, 0]",8.654715538024902
1582/1000,"[420, 210, 210, 532, 210, 0]",4.279236793518066
1582/1000,"[210, 210, 420, 532, 210, 0]",8.019820213317871
