True,False,False,False,False,False,False,False,False,False,False
Price min value,Price for each machine,Time
2033/1000,"[252, 252, 582, 695, 252, 0]",5.238722562789917
2033/1000,"[252, 582, 252, 695, 252, 0]",4.651949167251587
2033/1000,"[582, 252, 252, 252, 695, 0]",5.212248802185059
