True,False,False,False,False,False,False,False,False,False,False
Price min value,Price for each machine,Time
1386/1000,"[126, 252, 252, 126, 126, 126, 126, 252]",11.997223377227783
1386/1000,"[252, 252, 252, 126, 126, 126, 126, 126]",14.04729151725769
1386/1000,"[126, 126, 252, 126, 126, 252, 126, 252]",14.319694757461548
