True,False,False,False,False,False,False,False,False,False,False
Price min value,Price for each machine,Time
1890/1000,"[126, 126, 126, 126, 126, 252, 252, 126, 126, 126, 126, 252]",85.73994374275208
1890/1000,"[126, 126, 126, 126, 126, 126, 126, 126, 126, 252, 252, 252]",66.72106885910034
1890/1000,"[126, 126, 126, 126, 252, 252, 126, 126, 126, 252, 126, 126]",101.57038283348083
