True,False,False,False,False,False,False,False,False,False,False
Price min value,Price for each machine,Time
2033/1000,"[128, 128, 128, 128, 379, 128, 128, 128, 379, 379]",1.849024772644043
2033/1000,"[128, 128, 379, 128, 128, 128, 128, 128, 379, 379]",1.645606517791748
2033/1000,"[379, 128, 128, 379, 128, 379, 128, 128, 128, 128]",1.597696304321289
