True,False,False,False,False,False,False,False,False,False,False
Price min value,Price for each machine,Time
2268/1000,"[126, 126, 126, 126, 252, 126, 126, 126, 126, 126, 126, 126, 252, 126, 252]",705.9393150806427
2268/1000,"[126, 126, 126, 126, 252, 126, 126, 126, 126, 126, 126, 126, 126, 252, 252]",634.2122006416321
2268/1000,"[126, 126, 126, 126, 126, 126, 126, 126, 126, 252, 126, 126, 126, 252, 252]",993.80313372612
