True,False,False,False,False,False,False,False,False,False,False
Price min value,Price for each machine,Time
2016/1000,"[126, 126, 126, 126, 126, 252, 126, 126, 126, 126, 126, 252, 252]",184.7498459815979
2016/1000,"[126, 126, 126, 126, 126, 126, 126, 126, 252, 252, 252, 126, 126]",130.6554820537567
2016/1000,"[252, 126, 126, 126, 252, 126, 126, 126, 252, 126, 126, 126, 126]",122.13610053062439
