True,False,False,False,False,False,False,False,False,False,False
Price min value,Price for each machine,Time
1260/1000,"[210, 126, 126, 126, 126, 126, 210, 210]",13.982375144958496
1260/1000,"[126, 126, 126, 210, 210, 210, 126, 126]",11.974740982055664
1260/1000,"[126, 210, 126, 126, 210, 126, 126, 210]",13.915998220443726
