True,False,False,False,False,False,False,False,False,False,False
Price min value,Price for each machine,Time
1442/1000,"[210, 210, 116, 116, 210, 116, 116, 116, 116, 116]",93.93922710418701
1442/1000,"[210, 116, 116, 116, 116, 116, 116, 116, 210, 210]",96.63257193565369
1442/1000,"[116, 116, 210, 116, 210, 116, 210, 116, 116, 116]",105.65212059020996
