True,False,False,False,False,False,False,False,False,False,False
Price min value,Price for each machine,Time
2036/1000,"[128, 128, 128, 128, 252, 252, 128, 252, 128, 128, 128, 128, 128]",28.83266019821167
2036/1000,"[128, 128, 128, 252, 128, 252, 252, 128, 128, 128, 128, 128, 128]",16.66978120803833
2036/1000,"[128, 128, 128, 128, 128, 128, 128, 128, 128, 252, 128, 252, 252]",22.190207481384277
