True,False,False,False,False,False,False,False,False,False,False
Price min value,Price for each machine,Time
1777/1000,"[379, 128, 128, 379, 128, 128, 128, 379]",0.5241532325744629
1777/1000,"[128, 379, 128, 128, 128, 379, 128, 379]",0.5131654739379883
1777/1000,"[379, 379, 128, 128, 128, 128, 128, 379]",0.6431307792663574
