True,False,False,False,False,False,False,False,False,False,False
Price min value,Price for each machine,Time
1764/1000,"[126, 126, 126, 126, 126, 126, 126, 210, 126, 126, 210, 210]",122.27970600128174
1764/1000,"[126, 210, 210, 126, 126, 126, 210, 126, 126, 126, 126, 126]",159.32644867897034
1764/1000,"[210, 126, 210, 210, 126, 126, 126, 126, 126, 126, 126, 126]",156.45525860786438
