True,False,False,False,False,False,False,False,False,False,False
Price min value,Price for each machine,Time
2022/1000,"[116, 116, 116, 116, 210, 116, 210, 116, 116, 210, 116, 116, 116, 116, 116]",1921.4079830646515
2022/1000,"[116, 116, 116, 116, 116, 116, 116, 116, 116, 116, 210, 116, 116, 210, 210]",3321.192456007004
2022/1000,"[116, 116, 116, 210, 116, 210, 116, 116, 116, 116, 116, 116, 210, 116, 116]",3047.435665845871
