True,False,False,False,False,False,False,False,False,False,False
Price min value,Price for each machine,Time
2417/1000,"[128, 128, 379, 128, 128, 128, 128, 128, 128, 128, 128, 379, 379]",12.227885007858276
2417/1000,"[128, 128, 128, 128, 128, 128, 128, 128, 379, 379, 379, 128, 128]",9.476433753967285
2417/1000,"[128, 128, 128, 128, 128, 128, 128, 128, 128, 379, 128, 379, 379]",13.560680389404297
