True,False,False,False,False,False,False,False,False,False,False
Price min value,Price for each machine,Time
1652/1000,"[128, 128, 128, 128, 252, 128, 128, 252, 128, 252]",4.856631755828857
1652/1000,"[128, 128, 128, 252, 128, 128, 128, 252, 128, 252]",3.355534791946411
1652/1000,"[128, 128, 128, 128, 128, 252, 252, 128, 128, 252]",3.3063173294067383
