True,False,False,False,False,False,False,False,False,False,False
Price min value,Price for each machine,Time
1790/1000,"[116, 116, 116, 116, 116, 116, 116, 210, 116, 116, 210, 116, 210]",349.20332050323486
1790/1000,"[116, 116, 116, 116, 116, 210, 116, 116, 116, 116, 116, 210, 210]",593.2105047702789
1790/1000,"[116, 116, 116, 116, 116, 116, 210, 210, 210, 116, 116, 116, 116]",534.1286001205444
