True,False,False,False,False,False,False,False,False,False,False
Price min value,Price for each machine,Time
1890/1000,"[126, 210, 126, 126, 126, 126, 126, 126, 126, 126, 126, 210, 210]",334.27479887008667
1890/1000,"[126, 126, 210, 210, 126, 126, 210, 126, 126, 126, 126, 126, 126]",292.4603178501129
1890/1000,"[126, 210, 126, 126, 126, 126, 126, 126, 126, 126, 126, 210, 210]",393.41602301597595
