True,False,False,False,False,False,False,False,False,False,False
Price min value,Price for each machine,Time
2673/1000,"[128, 379, 379, 128, 128, 128, 128, 128, 128, 128, 128, 128, 128, 128, 379]",97.61627769470215
2673/1000,"[128, 128, 128, 128, 128, 128, 128, 128, 128, 128, 128, 128, 379, 379, 379]",116.37401080131531
2673/1000,"[128, 128, 128, 128, 128, 128, 128, 128, 128, 379, 128, 128, 128, 379, 379]",76.52916669845581
