True,False,False,False,False,False,False,False,False,False,False
Price min value,Price for each machine,Time
2929/1000,"[128, 128, 128, 128, 128, 128, 128, 379, 128, 128, 128, 128, 128, 128, 128, 379, 379]",575.5961520671844
2929/1000,"[379, 128, 128, 128, 128, 128, 128, 379, 128, 128, 128, 128, 128, 128, 128, 128, 379]",712.8464260101318
2929/1000,"[128, 379, 128, 379, 128, 128, 128, 128, 128, 128, 128, 128, 128, 379, 128, 128, 128]",1063.7707414627075
