True,False,False,False,False,False,False,False,False,False,False
Price min value,Price for each machine,Time
2289/1000,"[379, 128, 379, 128, 128, 128, 128, 128, 128, 379, 128, 128]",6.7980382442474365
2289/1000,"[128, 128, 128, 128, 128, 128, 128, 128, 128, 379, 379, 379]",6.211559772491455
2289/1000,"[128, 128, 379, 128, 128, 379, 128, 128, 128, 379, 128, 128]",4.472325325012207
