True,False,False,False,False,False,False,False,False,False,False
Price min value,Price for each machine,Time
1638/1000,"[126, 126, 252, 126, 252, 126, 252, 126, 126, 126]",37.64626502990723
1638/1000,"[252, 126, 126, 126, 126, 126, 126, 252, 126, 252]",38.51422929763794
1638/1000,"[252, 126, 126, 126, 126, 126, 126, 126, 252, 252]",28.443023681640625
