True,False,False,False,False,False,False,False,False,False,False
Price min value,Price for each machine,Time
1908/1000,"[128, 252, 128, 128, 128, 128, 128, 128, 252, 252, 128, 128]",14.462995052337646
1908/1000,"[252, 128, 128, 128, 128, 252, 128, 128, 128, 128, 128, 252]",16.67967200279236
1908/1000,"[128, 128, 252, 128, 128, 128, 128, 128, 128, 128, 252, 252]",9.6327223777771
