True,False,False,False,False,False,False,False,False,False,False
Price min value,Price for each machine,Time
2292/1000,"[128, 128, 128, 128, 128, 128, 128, 128, 252, 128, 252, 128, 252, 128, 128]",105.6890938282013
2292/1000,"[252, 128, 128, 252, 128, 128, 128, 128, 128, 128, 128, 128, 252, 128, 128]",132.9654779434204
2292/1000,"[252, 128, 128, 128, 128, 128, 128, 252, 128, 252, 128, 128, 128, 128, 128]",172.15035486221313
