True,False,False,False,False,False,False,False,False,False,False
Price min value,Price for each machine,Time
1512/1000,"[126, 126, 126, 126, 126, 210, 126, 126, 210, 210]",41.373486280441284
1512/1000,"[126, 126, 210, 126, 126, 126, 210, 210, 126, 126]",48.35611081123352
1512/1000,"[126, 210, 126, 126, 126, 126, 126, 126, 210, 210]",58.40951228141785
