True,False,False,False,False,False,False,False,False,False,False
Price min value,Price for each machine,Time
1396/1000,"[252, 128, 128, 252, 128, 128, 128, 252]",1.775108814239502
1396/1000,"[252, 128, 128, 128, 128, 252, 128, 252]",1.5472910404205322
1396/1000,"[128, 128, 128, 128, 252, 252, 128, 252]",1.5488309860229492
