Symmetry Breaking option,sb_vm_load
Price min value,Price for each machine,Time
54.912,"[9.152, 9.152, 9.152, 9.152, 9.152, 9.152, 0.0, 0.0, 0.0, 0.0, 0.0]",1.9180090427398682
54.912,"[9.152, 9.152, 9.152, 9.152, 9.152, 9.152, 0.0, 0.0, 0.0, 0.0, 0.0]",1.811842918395996
54.912,"[9.152, 9.152, 9.152, 9.152, 9.152, 9.152, 0.0, 0.0, 0.0, 0.0, 0.0]",1.4197781085968018
