Symmetry Breaking option,sb_lex
Price min value,Price for each machine,Time
26.4,"[4.4, 4.4, 4.4, 4.4, 4.4, 4.4, 0.0, 0.0, 0.0, 0.0, 0.0]",17.6776340007782
26.4,"[4.4, 4.4, 4.4, 4.4, 4.4, 4.4, 0.0, 0.0, 0.0, 0.0, 0.0]",24.7012779712677
26.4,"[4.4, 4.4, 4.4, 4.4, 4.4, 4.4, 0.0, 0.0, 0.0, 0.0, 0.0]",9.57526707649231
