Symmetry Breaking option,sb_lex
Price min value,Price for each machine,Time
54.912,"[9.152, 9.152, 9.152, 9.152, 9.152, 9.152, 0.0, 0.0, 0.0, 0.0, 0.0]",0.20320510864257812
54.912,"[9.152, 9.152, 9.152, 9.152, 9.152, 9.152, 0.0, 0.0, 0.0, 0.0, 0.0]",0.2150437831878662
54.912,"[9.152, 9.152, 9.152, 9.152, 9.152, 9.152, 0.0, 0.0, 0.0, 0.0, 0.0]",0.1897120475769043
