Symmetry Breaking option,sb_lex
Price min value,Price for each machine,Time
1.764,"[0.126, 0.126, 0.126, 0.126, 0.126, 0.126, 0.126, 0.126, 0.126, 0.21, 0.21, 0.21]",12.25904893875122
1.764,"[0.126, 0.126, 0.126, 0.126, 0.126, 0.126, 0.126, 0.126, 0.126, 0.21, 0.21, 0.21]",14.51577615737915
1.764,"[0.126, 0.126, 0.126, 0.126, 0.126, 0.126, 0.126, 0.126, 0.126, 0.21, 0.21, 0.21]",12.692548990249634
