Symmetry Breaking option,sb_lex
Price min value,Price for each machine,Time
1.21,"[0.116, 0.116, 0.116, 0.116, 0.116, 0.21, 0.21, 0.21]",8.450399160385132
1.21,"[0.116, 0.116, 0.116, 0.116, 0.116, 0.21, 0.21, 0.21]",7.0345847606658936
1.21,"[0.116, 0.116, 0.116, 0.116, 0.116, 0.21, 0.21, 0.21]",11.046704292297363
