True,False,False,False,False,False,False,False,False,False,False,True,False,False
Price min value,Price for each machine,Time
2.036,"[0.128, 0.128, 0.128, 0.128, 0.128, 0.128, 0.128, 0.128, 0.128, 0.128, 0.252, 0.252, 0.252]",4.707229137420654
2.036,"[0.128, 0.128, 0.128, 0.128, 0.128, 0.128, 0.128, 0.128, 0.128, 0.128, 0.252, 0.252, 0.252]",3.713977813720703
2.036,"[0.128, 0.128, 0.128, 0.128, 0.128, 0.128, 0.128, 0.128, 0.128, 0.128, 0.252, 0.252, 0.252]",3.9938130378723145
