True,False,False,False,False,False,False,False,False,False,False,True,False,False
Price min value,Price for each machine,Time
1.79,"[0.116, 0.116, 0.116, 0.116, 0.116, 0.116, 0.116, 0.116, 0.116, 0.116, 0.21, 0.21, 0.21]",56.981525897979736
1.79,"[0.116, 0.116, 0.116, 0.116, 0.116, 0.116, 0.116, 0.116, 0.116, 0.116, 0.21, 0.21, 0.21]",107.21728014945984
1.79,"[0.116, 0.116, 0.116, 0.116, 0.116, 0.116, 0.116, 0.116, 0.116, 0.116, 0.21, 0.21, 0.21]",72.41795611381531
