True,False,False,False,False,False,False,False,False,False,False,True,False,False
Price min value,Price for each machine,Time
1.21,"[0.116, 0.116, 0.116, 0.116, 0.116, 0.21, 0.21, 0.21]",17.07462191581726
1.21,"[0.116, 0.116, 0.116, 0.116, 0.116, 0.21, 0.21, 0.21]",29.114314079284668
1.21,"[0.116, 0.116, 0.116, 0.116, 0.116, 0.21, 0.21, 0.21]",18.512043952941895
