False,True,False,False,False,False,False,False,False,False,False,False,False,False
Price min value,Price for each machine,Time
54.912,"[9.152, 9.152, 9.152, 9.152, 9.152, 9.152, 0.0, 0.0, 0.0, 0.0, 0.0]",0.1921379566192627
54.912,"[9.152, 9.152, 9.152, 9.152, 9.152, 9.152, 0.0, 0.0, 0.0, 0.0, 0.0]",0.20591282844543457
54.912,"[9.152, 9.152, 9.152, 9.152, 9.152, 9.152, 0.0, 0.0, 0.0, 0.0, 0.0]",0.22197723388671875
