False,True,False,False,False,False,False,False,False,False,False,False,False,False
Price min value,Price for each machine,Time
54.912,"[9.152, 9.152, 9.152, 9.152, 9.152, 9.152, 0.0, 0.0, 0.0, 0.0, 0.0]",0.3946046829223633
54.912,"[9.152, 9.152, 9.152, 9.152, 9.152, 9.152, 0.0, 0.0, 0.0, 0.0, 0.0]",0.3542337417602539
54.912,"[9.152, 9.152, 9.152, 9.152, 9.152, 9.152, 0.0, 0.0, 0.0, 0.0, 0.0]",0.41467714309692383
