False,True,False,False,False,False,False,False,False,False,False,False,False,False
Price min value,Price for each machine,Time
2.417,"[0.379, 0.379, 0.379, 0.128, 0.128, 0.128, 0.128, 0.128, 0.128, 0.128, 0.128, 0.128, 0.128]",0.2141401767730713
2.417,"[0.379, 0.379, 0.379, 0.128, 0.128, 0.128, 0.128, 0.128, 0.128, 0.128, 0.128, 0.128, 0.128]",0.2934541702270508
2.417,"[0.379, 0.379, 0.379, 0.128, 0.128, 0.128, 0.128, 0.128, 0.128, 0.128, 0.128, 0.128, 0.128]",0.26611804962158203
