False,True,False,False,False,False,False,False,False,False,False,False,False,False
Price min value,Price for each machine,Time
1.442,"[0.21, 0.21, 0.21, 0.116, 0.116, 0.116, 0.116, 0.116, 0.116, 0.116]",8.177186965942383
1.442,"[0.21, 0.21, 0.21, 0.116, 0.116, 0.116, 0.116, 0.116, 0.116, 0.116]",5.761308193206787
1.442,"[0.21, 0.21, 0.21, 0.116, 0.116, 0.116, 0.116, 0.116, 0.116, 0.116]",10.938883066177368
