False,True,False,False,False,False,False,False,False,False,False,False,False,False
Price min value,Price for each machine,Time
2.036,"[0.252, 0.252, 0.252, 0.128, 0.128, 0.128, 0.128, 0.128, 0.128, 0.128, 0.128, 0.128, 0.128]",0.5959169864654541
2.036,"[0.252, 0.252, 0.252, 0.128, 0.128, 0.128, 0.128, 0.128, 0.128, 0.128, 0.128, 0.128, 0.128]",0.8262319564819336
2.036,"[0.252, 0.252, 0.252, 0.128, 0.128, 0.128, 0.128, 0.128, 0.128, 0.128, 0.128, 0.128, 0.128]",1.1655688285827637
