False,True,False,False,False,False,False,False,False,False,False,False,False,False
Price min value,Price for each machine,Time
1.89,"[0.21, 0.21, 0.21, 0.126, 0.126, 0.126, 0.126, 0.126, 0.126, 0.126, 0.126, 0.126, 0.126]",7.801794052124023
1.89,"[0.21, 0.21, 0.21, 0.126, 0.126, 0.126, 0.126, 0.126, 0.126, 0.126, 0.126, 0.126, 0.126]",8.090850114822388
1.89,"[0.21, 0.21, 0.21, 0.126, 0.126, 0.126, 0.126, 0.126, 0.126, 0.126, 0.126, 0.126, 0.126]",8.696121215820312
