True,False,False,False,False,False,False,False,False,False,True,False,False,False
Price min value,Price for each machine,Time
1.79,"[0.116, 0.116, 0.116, 0.116, 0.116, 0.116, 0.21, 0.21, 0.21, 0.116, 0.116, 0.116, 0.116]",28.377983331680298
1.79,"[0.116, 0.116, 0.116, 0.116, 0.116, 0.116, 0.21, 0.21, 0.21, 0.116, 0.116, 0.116, 0.116]",19.109578847885132
1.79,"[0.116, 0.116, 0.116, 0.116, 0.116, 0.116, 0.21, 0.21, 0.21, 0.116, 0.116, 0.116, 0.116]",35.93910002708435
