True,False,False,False,False,False,False,False,False,False,True,False,False,False
Price min value,Price for each machine,Time
1.21,"[0.116, 0.116, 0.116, 0.21, 0.21, 0.21, 0.116, 0.116]",11.514462947845459
1.21,"[0.116, 0.116, 0.116, 0.21, 0.21, 0.21, 0.116, 0.116]",12.906325101852417
1.21,"[0.116, 0.116, 0.116, 0.21, 0.21, 0.21, 0.116, 0.116]",8.495373010635376
