True,False,False,False,False,False,False,False,False,False,True,False,False,False
Price min value,Price for each machine,Time
1.674,"[0.116, 0.116, 0.116, 0.116, 0.116, 0.21, 0.21, 0.21, 0.116, 0.116, 0.116, 0.116]",18.360980987548828
1.674,"[0.116, 0.116, 0.116, 0.116, 0.116, 0.21, 0.21, 0.21, 0.116, 0.116, 0.116, 0.116]",26.234400033950806
1.674,"[0.116, 0.116, 0.116, 0.116, 0.116, 0.21, 0.21, 0.21, 0.116, 0.116, 0.116, 0.116]",29.132164239883423
