True,False,False,False,False,False,False,False,False,False,True,False,False,False
Price min value,Price for each machine,Time
1.442,"[0.116, 0.116, 0.116, 0.116, 0.21, 0.21, 0.21, 0.116, 0.116, 0.116]",13.351871013641357
1.442,"[0.116, 0.116, 0.116, 0.116, 0.21, 0.21, 0.21, 0.116, 0.116, 0.116]",15.075541973114014
1.442,"[0.116, 0.116, 0.116, 0.116, 0.21, 0.21, 0.21, 0.116, 0.116, 0.116]",11.757153034210205
