True,False,False,False,False,False,False,False,False,False,True,False,False,False
Price min value,Price for each machine,Time
1.89,"[0.126, 0.126, 0.126, 0.126, 0.126, 0.126, 0.21, 0.21, 0.21, 0.126, 0.126, 0.126, 0.126]",12.903358936309814
1.89,"[0.126, 0.126, 0.126, 0.126, 0.126, 0.126, 0.21, 0.21, 0.21, 0.126, 0.126, 0.126, 0.126]",11.020400047302246
1.89,"[0.126, 0.126, 0.126, 0.126, 0.126, 0.126, 0.21, 0.21, 0.21, 0.126, 0.126, 0.126, 0.126]",13.060032844543457
