True,False,False,False,False,False,False,False,False,False,True,False,False,False
Price min value,Price for each machine,Time
2.033,"[0.128, 0.128, 0.128, 0.128, 0.379, 0.379, 0.379, 0.128, 0.128, 0.128]",0.4980349540710449
2.033,"[0.128, 0.128, 0.128, 0.128, 0.379, 0.379, 0.379, 0.128, 0.128, 0.128]",0.466839075088501
2.033,"[0.128, 0.128, 0.128, 0.128, 0.379, 0.379, 0.379, 0.128, 0.128, 0.128]",0.4856760501861572
