True,False,False,False,False,False,False,False,False,False,True,False,False,False
Price min value,Price for each machine,Time
1.512,"[0.126, 0.126, 0.126, 0.126, 0.21, 0.21, 0.21, 0.126, 0.126, 0.126]",5.97518515586853
1.512,"[0.126, 0.126, 0.126, 0.126, 0.21, 0.21, 0.21, 0.126, 0.126, 0.126]",7.655714988708496
1.512,"[0.126, 0.126, 0.126, 0.126, 0.21, 0.21, 0.21, 0.126, 0.126, 0.126]",6.364293813705444
