True,False,False,False,False,False,False,False,False,False,True,False,False,False
Price min value,Price for each machine,Time
2.036,"[0.128, 0.128, 0.128, 0.128, 0.128, 0.128, 0.252, 0.252, 0.252, 0.128, 0.128, 0.128, 0.128]",2.8500070571899414
2.036,"[0.128, 0.128, 0.128, 0.128, 0.128, 0.128, 0.252, 0.252, 0.252, 0.128, 0.128, 0.128, 0.128]",2.374048948287964
2.036,"[0.128, 0.128, 0.128, 0.128, 0.128, 0.128, 0.252, 0.252, 0.252, 0.128, 0.128, 0.128, 0.128]",2.9150657653808594
