True,False,False,False,False,False,False,False,False,False,True,False,False,False
Price min value,Price for each machine,Time
1.764,"[0.126, 0.126, 0.126, 0.126, 0.126, 0.21, 0.21, 0.21, 0.126, 0.126, 0.126, 0.126]",7.534653902053833
1.764,"[0.126, 0.126, 0.126, 0.126, 0.126, 0.21, 0.21, 0.21, 0.126, 0.126, 0.126, 0.126]",6.7275800704956055
1.764,"[0.126, 0.126, 0.126, 0.126, 0.126, 0.21, 0.21, 0.21, 0.126, 0.126, 0.126, 0.126]",7.182375907897949
