True,False,False,False,False,False,False,False,False,False,True,False,False,False
Price min value,Price for each machine,Time
1.908,"[0.128, 0.128, 0.128, 0.128, 0.128, 0.252, 0.252, 0.252, 0.128, 0.128, 0.128, 0.128]",2.300503730773926
1.908,"[0.128, 0.128, 0.128, 0.128, 0.128, 0.252, 0.252, 0.252, 0.128, 0.128, 0.128, 0.128]",2.4159140586853027
1.908,"[0.128, 0.128, 0.128, 0.128, 0.128, 0.252, 0.252, 0.252, 0.128, 0.128, 0.128, 0.128]",2.463463068008423
