True,False,False,False,False,False,False,False,False,False,False,True,False,False
Price min value,Price for each machine,Time
2.033,"[0.128, 0.128, 0.128, 0.128, 0.128, 0.128, 0.128, 0.379, 0.379, 0.379]",0.6284689903259277
2.033,"[0.128, 0.128, 0.128, 0.128, 0.128, 0.128, 0.128, 0.379, 0.379, 0.379]",0.5864598751068115
2.033,"[0.128, 0.128, 0.128, 0.128, 0.128, 0.128, 0.128, 0.379, 0.379, 0.379]",0.6242098808288574
