True,False,False,False,False,False,False,False,False,False,False,True,False,False
Price min value,Price for each machine,Time
1.764,"[0.126, 0.126, 0.126, 0.126, 0.126, 0.126, 0.126, 0.126, 0.126, 0.21, 0.21, 0.21]",24.805826902389526
1.764,"[0.126, 0.126, 0.126, 0.126, 0.126, 0.126, 0.126, 0.126, 0.126, 0.21, 0.21, 0.21]",20.01547408103943
1.764,"[0.126, 0.126, 0.126, 0.126, 0.126, 0.126, 0.126, 0.126, 0.126, 0.21, 0.21, 0.21]",30.464158058166504
