True,False,False,False,False,False,False,False,False,False,False,True,False,False
Price min value,Price for each machine,Time
2.289,"[0.128, 0.128, 0.128, 0.128, 0.128, 0.128, 0.128, 0.128, 0.128, 0.379, 0.379, 0.379]",0.8743629455566406
2.289,"[0.128, 0.128, 0.128, 0.128, 0.128, 0.128, 0.128, 0.128, 0.128, 0.379, 0.379, 0.379]",1.0258097648620605
2.289,"[0.128, 0.128, 0.128, 0.128, 0.128, 0.128, 0.128, 0.128, 0.128, 0.379, 0.379, 0.379]",0.9068660736083984
