True,False,False,False,True,False,False,False,False,False,False,False,False,False
Price min value,Price for each machine,Time
2.289,"[0.128, 0.128, 0.128, 0.128, 0.128, 0.128, 0.128, 0.128, 0.128, 0.379, 0.379, 0.379]",0.830603837966919
2.289,"[0.128, 0.128, 0.128, 0.128, 0.128, 0.128, 0.128, 0.128, 0.128, 0.379, 0.379, 0.379]",0.9657237529754639
2.289,"[0.128, 0.128, 0.128, 0.128, 0.128, 0.128, 0.128, 0.128, 0.128, 0.379, 0.379, 0.379]",0.8262839317321777
