True,False,False,False,True,False,False,False,False,False,False,False,False,False
Price min value,Price for each machine,Time
1.512,"[0.126, 0.126, 0.126, 0.126, 0.126, 0.126, 0.126, 0.21, 0.21, 0.21]",10.673463106155396
1.512,"[0.126, 0.126, 0.126, 0.126, 0.126, 0.126, 0.126, 0.21, 0.21, 0.21]",10.942787170410156
1.512,"[0.126, 0.126, 0.126, 0.126, 0.126, 0.126, 0.126, 0.21, 0.21, 0.21]",12.770452976226807
