True,False,False,False,True,False,False,False,False,False,False,False,False,False
Price min value,Price for each machine,Time
1.89,"[0.126, 0.126, 0.126, 0.126, 0.126, 0.126, 0.126, 0.126, 0.126, 0.126, 0.21, 0.21, 0.21]",21.68079423904419
1.89,"[0.126, 0.126, 0.126, 0.126, 0.126, 0.126, 0.126, 0.126, 0.126, 0.126, 0.21, 0.21, 0.21]",35.501909017562866
1.89,"[0.126, 0.126, 0.126, 0.126, 0.126, 0.126, 0.126, 0.126, 0.126, 0.126, 0.21, 0.21, 0.21]",40.25157809257507
